Ammonia,Time,Absorption_Rate,Membrane_Flux,Stripping_Rate,Predicted_Concentration
35.0,0,0.34966,0.00035,0.17483,36.806799999999996
40.66,1,0.40626,0.00040659999999999996,0.20313,39.070799999999956
41.05,2,0.41015999999999997,0.00041049999999999995,0.20507999999999998,40.12555000000006
32.29,3,0.32256,0.0003229,0.16128,35.10860000000002
35.59,4,0.35556000000000004,0.00035590000000000003,0.17778000000000002,35.49725000000006
42.79,5,0.42756,0.0004279,0.21378,40.77900000000001
40.43,6,0.40396000000000004,0.00040429999999999996,0.20198000000000002,40.065750000000065
29.18,7,0.29146,0.0002918,0.14573,32.15990000000003
26.99,8,0.26956,0.0002699,0.13478,28.282499999999917
28.95,9,0.28916000000000003,0.0002895,0.14458000000000001,28.902649999999895
32.41,10,0.32376,0.0003241,0.16188,30.744949999999918
26.11,11,0.26076,0.00026109999999999995,0.13038,27.08644999999996
22.43,12,0.22396000000000002,0.00022429999999999998,0.11198000000000001,24.256699999999988
31.4,13,0.31366,0.000314,0.15683,28.914299999999976
29.54,14,0.29506,0.0002954,0.14753,28.96444999999997
18.97,15,0.18936,0.00018969999999999998,0.09468,26.322999999999965
14.16,16,0.14126,0.0001416,0.07063,18.08659999999996
23.35,17,0.23316000000000003,0.0002335,0.11658000000000002,21.686049999999955
26.31,18,0.26276,0.00026309999999999994,0.13138,25.125937500000013
25.86,19,0.25826,0.0002586,0.12913,26.384587499999988
27.95,20,0.27916,0.00027949999999999996,0.13958,28.37704999999993
38.03,21,0.37996,0.00038030000000000003,0.18998,34.782049999999956
36.18,22,0.36146,0.0003618,0.18073,35.20115000000003
25.26,23,0.25226000000000004,0.0002526,0.12613000000000002,34.65700000000003
29.08,24,0.29046,0.00029079999999999997,0.14523,32.27564999999996
39.54,25,0.39506,0.0003954,0.19753,36.099649999999976
37.18,26,0.37146,0.0003718,0.18573,36.58665000000004
24.9,27,0.24866,0.000249,0.12433,28.58244999999998
25.42,28,0.25386000000000003,0.00025420000000000005,0.12693000000000002,26.777800000000028
33.78,29,0.33746000000000004,0.0003378,0.16873000000000002,25.987800000000036
33.88,30,0.33846000000000004,0.00033880000000000005,0.16923000000000002,25.272550000000034
24.31,31,0.24276,0.0002431,0.12138,26.90160000000005
26.55,32,0.26516,0.0002655,0.13258,27.819800000000058
32.6,33,0.32566,0.000326,0.16283,33.12775000000005
36.11,34,0.36076,0.0003611,0.18038,35.38853690476188
35.34,35,0.35306000000000004,0.0003534,0.17653000000000002,35.88740357142863
38.88,36,0.38846,0.0003888,0.19423,38.92783690476198
48.15,37,0.48116000000000003,0.00048149999999999994,0.24058000000000002,45.90478690476179
49.48,38,0.49446,0.0004948,0.24723,47.58303690476172
36.01,39,0.35976,0.00036009999999999997,0.17988,39.53848690476194
31.15,40,0.31116,0.0003115,0.15558,34.21959166666661
42.86,41,0.42826000000000003,0.0004286,0.21413000000000001,39.91809999999988
40.46,42,0.40426,0.0004046,0.20213,40.12129999999996
26.87,43,0.26836000000000004,0.0002687,0.13418000000000002,39.86319999999996
25.04,44,0.25006,0.0002504,0.12503,33.54134999999993
31.65,45,0.31616,0.0003165,0.15808,31.74844999999995
32.39,46,0.32356,0.0003239,0.16178,31.974500000000052
25.39,47,0.25356,0.0002539,0.12678,28.184025000000066
29.02,48,0.28986,0.0002902,0.14493,29.471675000000104
41.3,49,0.41265999999999997,0.000413,0.20632999999999999,32.90672500000012
42.93,50,0.42896,0.0004293,0.21448,37.20695000000011
32.52,51,0.32486000000000004,0.00032520000000000004,0.16243000000000002,38.26982500000006
30.9,52,0.30866,0.000309,0.15433,33.20037619047614
35.78,53,0.35746000000000006,0.0003578,0.17873000000000003,34.13307619047613
39.0,54,0.38966,0.00039,0.19483,36.76457619047616
29.07,55,0.29036,0.0002907,0.14518,32.426167857142815
28.43,56,0.28396,0.0002843,0.14198,33.073117857142826
41.63,57,0.41596000000000005,0.00041630000000000004,0.20798000000000003,37.19770119047622
38.27,58,0.38236000000000003,0.00038270000000000003,0.19118000000000002,37.71272619047621
31.45,59,0.31416,0.0003145,0.15708,32.88880452380945
32.69,60,0.32656,0.0003269,0.16328,33.12830452380945
38.81,61,0.38776000000000005,0.00038810000000000006,0.19388000000000002,36.67585416666673
38.2,62,0.38166000000000005,0.00038200000000000007,0.19083000000000003,37.4963958333333
31.8,63,0.31766,0.00031800000000000003,0.15883,37.1941958333333
34.51,64,0.34476,0.0003451,0.17238,36.765962500000064
48.04,65,0.48006,0.00048039999999999997,0.24003,38.10961250000008
47.75,66,0.47716000000000003,0.00047749999999999995,0.23858000000000001,43.65460416666672
47.59,67,0.47556000000000004,0.0004759,0.23778000000000002,46.099387500000006
43.57,68,0.43536,0.0004357,0.21768,44.908287499999986
50.52,69,0.5048600000000001,0.0005052,0.25243000000000004,46.25532500000009
48.79,70,0.48756,0.0004879,0.24378,44.66757500000008
34.15,71,0.34116,0.00034149999999999995,0.17058,37.22157499999994
37.36,72,0.37326000000000004,0.00037360000000000003,0.18663000000000002,38.1795416666666
48.84,73,0.48806000000000005,0.0004884,0.24403000000000002,45.62981666666674
47.51,74,0.47476,0.0004751,0.23738,46.3917666666668
35.66,75,0.35625999999999997,0.00035659999999999994,0.17812999999999998,39.81928333333332
31.11,76,0.31076000000000004,0.0003111,0.15538000000000002,37.92408333333331
38.13,77,0.38096,0.00038130000000000005,0.19048,36.92230000000002
40.05,78,0.40016,0.0004005,0.20008,35.272766666666705
29.9,79,0.29866,0.000299,0.14933,30.65874999999997
29.13,80,0.29096,0.00029130000000000003,0.14548,30.386650000000042
40.22,81,0.40186,0.00040219999999999996,0.20093,32.64385000000007
43.18,82,0.43146,0.0004318,0.21573,39.826675000000094
34.13,83,0.34096000000000004,0.0003413,0.17048000000000002,37.169291666666744
35.16,84,0.35125999999999996,0.0003516,0.17562999999999998,36.74489166666666
48.26,85,0.48226,0.0004825999999999999,0.24113,43.85771666666677
47.46,86,0.47426,0.00047460000000000004,0.23713,44.12896666666678
36.29,87,0.36256,0.0003629,0.18128,38.19916791666668
38.18,88,0.38146,0.00038179999999999996,0.19073,38.69561236111117
46.09,89,0.4605600000000001,0.00046090000000000004,0.23028000000000004,43.26583736111121
43.88,90,0.43846000000000007,0.00043880000000000004,0.21923000000000004,43.56975402777785
37.81,91,0.37776000000000004,0.00037810000000000003,0.18888000000000002,39.47232069444456
36.65,92,0.36616,0.0003665,0.18308,37.25795694444446
37.52,93,0.37486,0.0003752,0.18743,37.30549444444455
38.31,94,0.38276000000000004,0.00038310000000000004,0.19138000000000002,37.23169166666679
27.79,95,0.27756000000000003,0.00027790000000000003,0.13878000000000001,30.834500000000002
27.64,96,0.27606,0.0002764,0.13803,29.355825000000017
38.74,97,0.38706,0.00038740000000000004,0.19353,35.9809749999999
37.87,98,0.37836,0.00037869999999999994,0.18918,36.794299999999886
29.22,99,0.29186,0.0002922,0.14593,34.00059999999989
23.73,100,0.23696000000000003,0.00023730000000000002,0.11848000000000002,28.656299999999924
31.03,101,0.30996,0.0003103,0.15498,27.608899999999966
35.64,102,0.35606000000000004,0.0003564,0.17803000000000002,33.03410000000009
26.52,103,0.26486,0.0002652,0.13243,29.10710000000009
22.35,104,0.22316000000000003,0.0002235,0.11158000000000001,24.82325000000002
29.4,105,0.29366,0.000294,0.14683,27.366449999999986
26.98,106,0.26946000000000003,0.0002698,0.13473000000000002,26.915287499999945
19.09,107,0.19056,0.00019089999999999998,0.09528,25.358887499999973
19.38,108,0.19346,0.0001938,0.09673,22.338062500000042
27.97,109,0.27936,0.00027969999999999997,0.13968,25.830912500000007
28.68,110,0.28646,0.0002868,0.14323,27.528412500000016
21.75,111,0.21716000000000002,0.0002175,0.10858000000000001,27.023712500000006
22.29,112,0.22256,0.0002229,0.11128,24.930337499999997
30.84,113,0.30806,0.00030839999999999996,0.15403,29.023000000000042
29.99,114,0.29956,0.00029989999999999997,0.14978,29.572699999999926
22.51,115,0.22476000000000004,0.00022510000000000002,0.11238000000000002,28.811199999999886
23.74,116,0.23706,0.0002374,0.11853,27.645099999999914
36.17,117,0.36136,0.0003617,0.18068,32.47965000000002
32.6,118,0.32566,0.000326,0.16283,32.04800000000009
21.51,119,0.21476000000000003,0.0002151,0.10738000000000002,24.840500000000084
25.18,120,0.25146,0.0002518,0.12573,25.60020000000005
32.76,121,0.32726,0.0003276,0.16363,30.50820000000009
37.14,122,0.37106,0.0003714,0.18553,34.84835000000012
32.14,123,0.32106,0.0003214,0.16053,36.82628125000012
36.6,124,0.36566000000000004,0.000366,0.18283000000000002,38.07553125000011
42.8,125,0.42766,0.00042799999999999994,0.21383,40.588101250000115
42.25,126,0.42216000000000004,0.0004225,0.21108000000000002,41.34820125000002
31.04,127,0.31006,0.00031039999999999996,0.15503,35.28560124999999
34.21,128,0.34176,0.0003421,0.17088,36.749901249999965
48.41,129,0.48375999999999997,0.00048409999999999995,0.24187999999999998,46.8834512499999
49.69,130,0.49656,0.0004969,0.24828,47.981801249999904
39.25,131,0.39216,0.0003925,0.19608,41.95893874999993
37.73,132,0.37695999999999996,0.00037729999999999996,0.18847999999999998,39.57563874999988
48.4,133,0.48366000000000003,0.00048400000000000006,0.24183000000000002,45.08986249999986
43.39,134,0.43356,0.00043390000000000003,0.21678,43.42572977272727
35.16,135,0.35125999999999996,0.0003516,0.17562999999999998,37.264513106060555
32.4,136,0.32366,0.00032399999999999996,0.16183,34.197838106060516
43.52,137,0.43486,0.0004352,0.21743,40.681563106060686
42.19,138,0.42156,0.00042189999999999996,0.21078,41.65006310606055
31.3,139,0.31266000000000005,0.000313,0.15633000000000002,34.218939772727325
29.02,140,0.28986,0.0002902,0.14493,31.56808977272739
37.55,141,0.37516,0.00037549999999999997,0.18758,32.40701477272738
38.96,142,0.38926000000000005,0.0003896,0.19463000000000003,36.304964772727295
32.69,143,0.32656,0.0003269,0.16328,34.9929647727272
34.5,144,0.34466,0.00034500000000000004,0.17233,35.46477727272724
47.65,145,0.47616,0.0004765,0.23808,45.05815505050495
54.0,146,0.53966,0.00054,0.26983,51.393805050504994
42.13,147,0.42096000000000006,0.00042130000000000005,0.21048000000000003,44.9072124747475
40.8,148,0.40765999999999997,0.000408,0.20382999999999998,41.825954141414215
44.9,149,0.44866,0.000449,0.22433,43.701579141414065
47.48,150,0.47446,0.0004748,0.23723,45.590351868686696
41.13,151,0.41096000000000005,0.0004113,0.20548000000000002,42.57341977272725
37.91,152,0.37876,0.0003791,0.18938,39.72316484848478
48.48,153,0.48446,0.00048479999999999997,0.24223,45.356694015151355
50.78,154,0.50746,0.0005078,0.25373,48.442034015151464
40.88,155,0.40846000000000005,0.0004088,0.20423000000000002,43.89321181818183
42.83,156,0.42796,0.0004283,0.21398,43.54653681818179
51.58,157,0.51546,0.0005158,0.25773,48.703267803030265
46.27,158,0.46236000000000005,0.0004627,0.23118000000000002,46.72498863636376
39.29,159,0.39256,0.00039289999999999996,0.19628,42.04236030303034
42.84,160,0.42806000000000005,0.00042840000000000006,0.21403000000000003,43.34391071969704
53.26,161,0.53226,0.0005325999999999999,0.26613,49.28904155303041
48.57,162,0.48536,0.00048569999999999993,0.24268,48.393624886363604
35.96,163,0.35926,0.0003596,0.17963,44.6655498863636
32.47,164,0.32436,0.0003247,0.16218,37.90616655303033
44.03,165,0.43996,0.0004403,0.21998,41.24757155303031
46.93,166,0.46896000000000004,0.00046929999999999997,0.23448000000000002,44.97533821969707
38.01,167,0.37976,0.00038009999999999997,0.18988,40.954246787749405
40.53,168,0.40496000000000004,0.0004053,0.20248000000000002,41.218896787749415
46.38,169,0.46346000000000004,0.0004638,0.23173000000000002,44.843075121082684
45.68,170,0.45646000000000003,0.0004568,0.22823000000000002,44.00098345441604
31.5,171,0.31466,0.000315,0.15733,35.37695428774929
29.53,172,0.29496000000000006,0.0002953,0.14748000000000003,32.12594095441593
41.72,173,0.41686,0.0004172,0.20843,39.32880095441599
40.33,174,0.40296,0.00040329999999999994,0.20148,40.12587595441595
34.42,175,0.34386000000000005,0.0003442,0.17193000000000003,39.82549262108262
36.09,176,0.36056000000000005,0.00036090000000000004,0.18028000000000002,41.656855121082614
53.19,177,0.53156,0.0005319,0.26578,47.89979817663816
51.65,178,0.51616,0.0005164999999999999,0.25808,49.751963176638085
36.77,179,0.3673600000000001,0.00036770000000000005,0.18368000000000004,41.247889009971566
36.49,180,0.36456000000000005,0.00036490000000000003,0.18228000000000003,38.102097343304806
42.45,181,0.42416000000000004,0.0004245,0.21208000000000002,41.12512057382426
44.64,182,0.44606,0.0004464,0.22303,42.56303474049104
34.8,183,0.34765999999999997,0.000348,0.17382999999999998,38.527530573824414
34.41,184,0.34376,0.00034409999999999996,0.17188,38.51853057382442
43.09,185,0.43056000000000005,0.0004309,0.21528000000000003,42.1983848920062
44.5,186,0.44466,0.00044500000000000003,0.22233,42.51178132057758
33.2,187,0.33166000000000007,0.00033200000000000005,0.16583000000000003,36.5938907145169
35.71,188,0.35676,0.00035710000000000006,0.17838,36.62576404785031
47.77,189,0.47736000000000006,0.0004777,0.23868000000000003,44.347167881794256
45.47,190,0.45436,0.0004547,0.22718,44.282242881794176
32.65,191,0.32616,0.0003265,0.16308,37.89705746512745
31.34,192,0.31306,0.0003134,0.15653,37.10483871512745
42.84,193,0.42806000000000005,0.00042840000000000006,0.21403000000000003,41.33178315957195
42.33,194,0.42296,0.0004233,0.21148,41.2911831595719
34.49,195,0.34456000000000003,0.00034490000000000004,0.17228000000000002,37.93034065957183
39.83,196,0.39796,0.0003983,0.19898,39.30363865740731
49.04,197,0.49006,0.0004904,0.24503,44.59581699074073
45.21,198,0.45176000000000005,0.00045210000000000004,0.22588000000000003,45.216416990740775
38.36,199,0.38326,0.0003836,0.19163,39.821148240740705
38.18,200,0.38146,0.00038179999999999996,0.19073,39.83994824074075
49.48,201,0.49446,0.0004948,0.24723,46.39965263888877
51.23,202,0.51196,0.0005122999999999999,0.25598,49.26115888888869
37.73,203,0.37695999999999996,0.00037729999999999996,0.18847999999999998,48.98405888888874
41.6,204,0.41566000000000003,0.00041600000000000003,0.20783000000000001,46.03027555555561
52.66,205,0.52626,0.0005266,0.26313,49.703375555555525
49.08,206,0.49046,0.0004908,0.24523,48.8616255555555
39.58,207,0.39546,0.00039579999999999997,0.19773,43.28234202380947
39.9,208,0.39866,0.000399,0.19933,43.182792023809434
48.48,209,0.48446,0.00048479999999999997,0.24223,47.602942023809376
49.75,210,0.49716000000000005,0.0004975,0.24858000000000002,48.473042023809455
43.58,211,0.43546,0.00043579999999999997,0.21773,45.299275357142804
42.75,212,0.42716000000000004,0.0004275,0.21358000000000002,44.17787535714284
54.97,213,0.54936,0.0005497,0.27468,50.95681285714283
55.93,214,0.55896,0.0005593,0.27948,53.94078785714292
45.54,215,0.45506,0.0004554,0.22753,47.95746285714296
45.01,216,0.44976,0.0004501,0.22488,45.875012857142984
49.55,217,0.49516,0.0004955,0.24758,48.17537500000005
43.6,218,0.43566000000000005,0.000436,0.21783000000000002,46.03104999999999
34.23,219,0.34196,0.00034229999999999997,0.17098,38.59809444444433
31.74,220,0.31706,0.00031739999999999996,0.15853,36.425244444444296
40.95,221,0.40916,0.00040950000000000003,0.20458,39.009244444444356
38.75,222,0.38716,0.0003875,0.19358,37.34769444444442
24.01,223,0.23976000000000003,0.00024010000000000004,0.11988000000000001,28.395794444444522
26.18,224,0.26146,0.0002618,0.13073,26.808450694444463
34.82,225,0.34786,0.0003482,0.17393,32.806534027777744
35.08,226,0.35046,0.00035079999999999996,0.17523,34.04118402777774
23.39,227,0.23356000000000002,0.00023390000000000002,0.11678000000000001,27.098584027777797
23.55,228,0.23516000000000004,0.0002355,0.11758000000000002,25.2940006944445
38.37,229,0.38336,0.00038369999999999995,0.19168,34.25208854292927
38.42,230,0.38386000000000003,0.0003842,0.19193000000000002,36.03477187626266
30.73,231,0.30696,0.0003073,0.15348,35.293546876262674
27.34,232,0.27306,0.0002734,0.13653,32.44076979292936
44.28,233,0.44246,0.00044280000000000003,0.22123,34.42367812626269
48.88,234,0.48846000000000006,0.0004888,0.24423000000000003,45.31130163231676
42.58,235,0.42546,0.0004258,0.21273,44.08297470923983
44.31,236,0.44276000000000004,0.00044310000000000004,0.22138000000000002,44.51392470923989
52.42,237,0.52386,0.0005242,0.26193,45.80202470923992
52.01,238,0.51976,0.0005201,0.25988,49.0842038759066
44.45,239,0.44416000000000005,0.0004445,0.22208000000000003,50.0023455425733
41.62,240,0.41586,0.0004162,0.20793,48.14911220923992
48.62,241,0.48586,0.0004862,0.24293,45.66475109051837
42.25,242,0.42216000000000004,0.0004225,0.21108000000000002,42.68642921551836
30.21,243,0.30176000000000003,0.0003021,0.15088000000000001,36.31324588218504
35.68,244,0.35646,0.0003568,0.17823,35.99884497309412
43.61,245,0.43576000000000004,0.0004361,0.21788000000000002,40.79148622767282
41.79,246,0.41756,0.0004179,0.20878,39.525836227672855
33.07,247,0.33036000000000004,0.0003307,0.16518000000000002,37.80636465904544
28.42,248,0.28386000000000006,0.0002842,0.14193000000000003,33.752872992378805
40.92,249,0.40886000000000006,0.0004092,0.20443000000000003,38.1270691728813
44.12,250,0.44086,0.0004412,0.22043,41.2543140172036
35.34,251,0.35306000000000004,0.0003534,0.17653000000000002,38.839330587716454
40.26,252,0.40226,0.0004026,0.20113,39.51973072605643
44.76,253,0.44726,0.0004476,0.22363,41.31139816653263
49.31,254,0.49276000000000003,0.0004931,0.24638000000000002,41.03642495224689
36.69,255,0.36656,0.0003669,0.18328,37.33125870599306
32.68,256,0.32646000000000003,0.0003268,0.16323000000000001,36.15297876551689
41.2,257,0.41166,0.00041200000000000004,0.20583,39.315607654405746
46.2,258,0.46166000000000007,0.000462,0.23083000000000004,42.48042584030318
36.02,259,0.35986000000000007,0.0003602000000000001,0.17993000000000003,41.35544198748929
33.12,260,0.33086,0.0003312,0.16543,36.822291189676
38.42,261,0.38386000000000003,0.0003842,0.19193000000000002,33.97373500814924
37.76,262,0.37726,0.00037759999999999996,0.18863,33.27336000814932
22.5,263,0.22466000000000003,0.00022500000000000002,0.11233000000000001,26.861897299815947
19.85,264,0.19816000000000003,0.0001985,0.09908000000000002,23.83440664556278
35.0,265,0.34966,0.00035,0.17483,25.651161645562794
38.97,266,0.38936,0.0003897,0.19468,34.247605066308736
29.18,267,0.29146,0.0002918,0.14573,31.44891673297539
28.37,268,0.28336,0.0002837,0.14168,30.17305339964199
38.21,269,0.38176000000000004,0.0003821,0.19088000000000002,36.14483438787343
44.93,270,0.44896,0.0004493,0.22448,36.43757426882581
36.15,271,0.36116,0.0003615,0.18058,38.99352931303847
38.77,272,0.38736000000000004,0.00038770000000000005,0.19368000000000002,40.03033431303846
46.78,273,0.46746000000000004,0.00046780000000000004,0.23373000000000002,41.97893196455359
45.79,274,0.45756,0.00045789999999999996,0.22878,42.19844363122027
37.65,275,0.37616,0.0003765,0.18808,39.806957387485966
37.76,276,0.37726,0.00037759999999999996,0.18863,39.59490151627385
40.79,277,0.40756000000000003,0.0004079,0.20378000000000002,39.576941099607176
44.06,278,0.44026000000000004,0.00044060000000000003,0.22013000000000002,40.33559580739938
32.31,279,0.32276000000000005,0.00032310000000000005,0.16138000000000002,37.63507295566777
38.91,280,0.38876,0.00038909999999999997,0.19438,39.185877692509806
49.58,281,0.49546,0.0004958,0.24773,45.21106060376522
48.33,282,0.48296,0.0004833,0.24148,45.786149459615245
39.32,283,0.39286000000000004,0.0003932,0.19643000000000002,41.96164003750957
38.56,284,0.38526000000000005,0.0003856,0.19263000000000002,40.72027114862074
45.75,285,0.45716,0.0004575,0.22858,42.57347424385882
45.29,286,0.45256,0.00045289999999999995,0.22628,43.00157424385882
37.92,287,0.37886000000000003,0.0003792,0.18943000000000002,40.124114005486064
36.23,288,0.36196,0.00036229999999999997,0.18098,38.746751212445716
43.24,289,0.43206000000000006,0.00043240000000000005,0.21603000000000003,38.67923204577906
41.35,290,0.41316,0.0004135,0.20658,39.07265454577911
34.57,291,0.34536,0.0003457,0.17268,38.133342850146306
38.97,292,0.38936,0.0003897,0.19468,39.39741228832511
48.66,293,0.48625999999999997,0.0004865999999999999,0.24312999999999999,44.10090175434515
49.04,294,0.49006,0.0004904,0.24503,45.193446873392794
36.75,295,0.36716000000000004,0.00036750000000000004,0.18358000000000002,40.567928242440395
39.2,296,0.39166000000000006,0.000392,0.19583000000000003,39.623008242440356
49.44,297,0.49406,0.0004944,0.24703,40.088125438207534
45.86,298,0.45826,0.0004586,0.22913,40.23771503975873
30.41,299,0.30376000000000003,0.0003041,0.15188000000000001,33.72072333970716
27.21,300,0.27176,0.0002721,0.13588,30.199475958754853
34.98,301,0.34946,0.00034979999999999994,0.17473,34.105488171589485
38.47,302,0.38436000000000003,0.00038469999999999997,0.19218000000000002,36.1870272575187
33.78,303,0.33746000000000004,0.0003378,0.16873000000000002,36.39911357330818
32.58,304,0.32546,0.00032579999999999995,0.16273,35.25762868068444
40.6,305,0.40566,0.000406,0.20283,37.0803355812115
40.83,306,0.40796,0.00040829999999999995,0.20398,36.98223558121149
31.28,307,0.31246,0.0003128,0.15623,34.259003438354306
34.45,308,0.34416,0.0003445,0.17208,34.93652605740191
41.93,309,0.41896,0.0004193,0.20948,34.81453605740192
44.09,310,0.44056000000000006,0.00044090000000000004,0.22028000000000003,34.92954439073527
33.46,311,0.33426,0.0003346,0.16713,35.82254118005707
36.18,312,0.36146,0.0003618,0.18073,36.84966360881704
44.24,313,0.44206000000000006,0.0004424,0.22103000000000003,40.56862794545256
41.48,314,0.41446,0.0004148,0.20723,40.48744770874479
37.57,315,0.37536,0.0003757,0.18768,39.494903621443235
40.51,316,0.40476,0.0004051,0.20238,39.811295480417655
43.58,317,0.43546,0.00043579999999999997,0.21773,40.662089369306514
41.38,318,0.41346000000000005,0.00041380000000000003,0.20673000000000002,40.0913254407351
35.36,319,0.35326,0.0003536,0.17663,37.26935074945412
31.73,320,0.31696,0.0003173,0.15848,35.87871863406947
43.37,321,0.43335999999999997,0.00043369999999999997,0.21667999999999998,39.1386068791979
44.54,322,0.44506,0.0004454,0.22253,40.075530688721734
32.49,323,0.32456,0.0003249,0.16228,36.66594123371719
32.71,324,0.32676000000000005,0.0003271,0.16338000000000003,35.86190574129296
35.67,325,0.35636,0.0003567,0.17818,36.97749990795968
40.91,326,0.40876,0.00040909999999999997,0.20438,37.804733985340626
30.39,327,0.30356,0.0003039,0.15178,34.3101696127396
33.27,328,0.33236000000000004,0.00033270000000000006,0.16618000000000002,34.902793852458245
44.28,329,0.44246,0.00044280000000000003,0.22123,41.64070858654654
47.43,330,0.47396,0.0004743,0.23698,44.1852961131282
35.88,331,0.35846000000000006,0.0003588,0.17923000000000003,40.56093402485415
36.41,332,0.36376,0.00036409999999999996,0.18188,40.76236735818743
46.94,333,0.46906,0.00046939999999999997,0.23453,45.07215805462711
48.37,334,0.48336,0.0004837,0.24168,45.674972935579525
41.49,335,0.41456000000000004,0.00041490000000000006,0.20728000000000002,42.749511241440274
39.41,336,0.39376,0.00039409999999999993,0.19688,41.288944217630736
45.98,337,0.45946,0.00045979999999999995,0.22973,43.58727940702466
48.96,338,0.48926000000000003,0.0004896000000000001,0.24463000000000001,44.828548573691386
32.45,339,0.32416000000000006,0.00032450000000000003,0.16208000000000003,38.46605984777676
37.42,340,0.37386,0.0003742,0.18693,38.753354490633974
45.27,341,0.45236000000000004,0.0004527,0.22618000000000002,41.93062700957343
44.23,342,0.44195999999999996,0.00044229999999999996,0.22097999999999998,41.404557961954396
32.26,343,0.32226,0.0003226,0.16113,38.36674115459509
32.39,344,0.32356,0.0003239,0.16178,38.49212865459504
45.46,345,0.45426000000000005,0.0004546,0.22713000000000003,42.83418443111011
46.73,346,0.46696,0.0004672999999999999,0.23348,43.61395335968146
38.03,347,0.37996,0.00038030000000000003,0.18998,40.233298951589624
38.0,348,0.37966,0.00038,0.18983,39.174435350399165
42.36,349,0.42326,0.0004236,0.21163,39.675976421827706
39.09,350,0.3905600000000001,0.0003909,0.19528000000000004,37.61373941202377
28.65,351,0.28616,0.00028649999999999997,0.14308,31.152875495592994
30.66,352,0.30626000000000003,0.0003066,0.15313000000000002,31.86733799559297
40.3,353,0.40266,0.000403,0.20133,31.346582995592982
42.72,354,0.42686,0.00042720000000000003,0.21343,33.94069966225967
34.37,355,0.34336,0.0003437,0.17168,35.2265496622597
34.6,356,0.34566,0.000346,0.17283,35.53684966225977
50.47,357,0.50436,0.0005047,0.25218,44.678339424164506
50.14,358,0.5010600000000001,0.0005013999999999999,0.25053000000000003,45.60855495048027
38.33,359,0.38296,0.0003833,0.19148,41.40122380731785
43.58,360,0.43546,0.00043579999999999997,0.21773,43.99621804234139
55.32,361,0.55286,0.0005532,0.27643,47.45098470900803
58.74,362,0.58706,0.0005874000000000001,0.29353,53.379391375674665
47.03,363,0.46996000000000004,0.0004703,0.23498000000000002,54.305233042341364
48.76,364,0.48726,0.0004876,0.24363,50.8851080423415
52.02,365,0.5198600000000001,0.0005202,0.25993000000000005,49.87968304234155
52.67,366,0.52636,0.0005267000000000001,0.26318,50.2808830423415
41.43,367,0.41396,0.0004143,0.20698,48.87548304234145
36.72,368,0.36686,0.0003672,0.18343,42.13255589948429
48.65,369,0.48616,0.0004865,0.24308,45.651658399484205
41.85,370,0.41816000000000003,0.00041850000000000004,0.20908000000000002,43.3277583994842
26.43,371,0.26396000000000003,0.0002643,0.13198000000000001,34.36469173281754
28.37,372,0.28336,0.0002837,0.14168,33.03432506615089
39.75,373,0.39716,0.0003975,0.19858,36.60227089948425
42.19,374,0.42156,0.00042189999999999996,0.21078,37.50503756615091
34.69,375,0.34656,0.0003469,0.17328,36.897504232817525
39.15,376,0.39116,0.0003915,0.19558,39.27459589948419
49.84,377,0.49806000000000006,0.0004984000000000001,0.24903000000000003,46.17521668474071
47.96,378,0.47926,0.0004796,0.23963,46.57945001807399
37.44,379,0.37406,0.00037439999999999994,0.18703,41.26212537521679
36.35,380,0.36316000000000004,0.00036350000000000005,0.18158000000000002,40.658000375216794
46.1,381,0.46066,0.000461,0.23033,40.07630870855014
41.7,382,0.41666000000000003,0.00041700000000000005,0.20833000000000002,39.307078152994606
33.05,383,0.33016,0.0003305,0.16508,35.72102204188361
32.99,384,0.32956,0.0003299,0.16478,34.18001204188352
43.02,385,0.4298600000000001,0.0004302,0.21493000000000004,39.846326327597936
43.05,386,0.43016,0.0004305,0.21508,40.26455132759797
25.89,387,0.25856,0.0002589,0.12928,30.006283859649205
24.1,388,0.24066000000000004,0.000241,0.12033000000000002,25.75515833333335
33.86,389,0.33826,0.00033860000000000004,0.16913,30.99231499999999
33.81,390,0.33776000000000006,0.00033810000000000003,0.16888000000000003,32.60086500000006
25.71,391,0.25676000000000004,0.00025709999999999996,0.12838000000000002,28.23415250000003
27.54,392,0.27506,0.00027539999999999997,0.13753,28.40805249999999
41.84,393,0.41806000000000004,0.00041840000000000003,0.20903000000000002,36.13942750000005
42.09,394,0.42056000000000004,0.0004209,0.21028000000000002,37.09391916666668
31.44,395,0.31406,0.0003144,0.15703,31.651744166666614
27.0,396,0.26966,0.00027,0.13483,29.066184166666645
32.69,397,0.32656,0.0003269,0.16328,31.331759166666608
34.53,398,0.34496000000000004,0.0003453,0.17248000000000002,31.530459166666645
28.76,399,0.28726,0.0002876,0.14363,30.73439666666678
34.01,400,0.33976,0.00034009999999999997,0.16988,33.385925833333445
40.62,401,0.40586,0.00040619999999999995,0.20293,38.30862702380949
39.15,402,0.39116,0.0003915,0.19558,38.50952702380943
30.46,403,0.30426000000000003,0.00030460000000000003,0.15213000000000002,33.844522023809525
37.06,404,0.37026000000000003,0.00037060000000000006,0.18513000000000002,36.77738452380961
46.2,405,0.46166000000000007,0.000462,0.23083000000000004,43.869917857142816
49.73,406,0.49696,0.0004973,0.24848,47.70922554945043
39.77,407,0.39736000000000005,0.0003977,0.19868000000000002,42.62631721611729
42.75,408,0.42716000000000004,0.0004275,0.21358000000000002,42.98611721611729
54.06,409,0.5402600000000001,0.0005406,0.27013000000000004,50.48107435897443
52.65,410,0.52616,0.0005265,0.26308,51.293591025640936
38.82,411,0.38786000000000004,0.0003882,0.19393000000000002,48.51831102564093
37.63,412,0.37596000000000007,0.00037630000000000004,0.18798000000000004,42.65041102564104
50.84,413,0.5080600000000001,0.0005084000000000001,0.25403000000000003,42.38716102564107
51.89,414,0.51856,0.0005189,0.25928,46.90249852564105
39.9,415,0.39866,0.000399,0.19933,47.04109852564106
38.38,416,0.38346,0.0003838,0.19173,40.37486935897445
41.85,417,0.41816000000000003,0.00041850000000000004,0.20908000000000002,41.475652692307804
45.5,418,0.45466,0.000455,0.22733,43.80993602564106
38.11,419,0.38076,0.0003811,0.19038,40.201335646853074
37.38,420,0.37346000000000007,0.00037380000000000003,0.18673000000000003,38.57169564685317
46.75,421,0.46716,0.00046750000000000003,0.23358,42.795529621212154
39.06,422,0.39026000000000005,0.0003906,0.19513000000000003,40.30175462121225
28.19,423,0.28156000000000003,0.0002819,0.14078000000000002,38.97484962121225
32.88,424,0.32846000000000003,0.0003288,0.16423000000000001,36.247582954545564
45.03,425,0.44996,0.0004503,0.22498,37.33013295454557
45.02,426,0.44986000000000004,0.00045020000000000005,0.22493000000000002,41.80617045454561
34.98,427,0.34946,0.00034979999999999994,0.17473,43.64322045454559
37.37,428,0.37335999999999997,0.0003737,0.18667999999999998,43.68367045454553
45.29,429,0.45256,0.00045289999999999995,0.22628,41.772012954545445
39.26,430,0.39226,0.0003926,0.19613,41.83356295454544
29.82,431,0.29786,0.0002982,0.14893,34.501293910256365
31.55,432,0.31516000000000005,0.0003155,0.15758000000000003,34.0847939102564
44.26,433,0.44226,0.00044259999999999997,0.22113,40.968140717615846
39.01,434,0.38976,0.0003901,0.19488,38.938182384282506
29.24,435,0.29206,0.0002924,0.14603,32.29938438654479
29.59,436,0.29556,0.0002959,0.14778,30.72147307702103
35.83,437,0.35796,0.0003583,0.17898,34.12317803733847
37.21,438,0.37176000000000003,0.0003721,0.18588000000000002,35.55945303733848
30.23,439,0.30196,0.0003023,0.15098,31.80523827543363
29.83,440,0.29796,0.00029829999999999993,0.14898,31.86148827543366
45.52,441,0.45486000000000004,0.00045520000000000006,0.22743000000000002,40.727577658550715
43.51,442,0.43476,0.00043509999999999995,0.21738,42.26406099188407
32.32,443,0.32286000000000004,0.00032320000000000005,0.16143000000000002,35.42238349188394
31.16,444,0.31126000000000004,0.0003116,0.15563000000000002,32.59264286688389
38.09,445,0.38056000000000006,0.00038090000000000004,0.19028000000000003,36.04294387726248
36.11,446,0.36076,0.0003611,0.18038,34.9565788772624
22.7,447,0.22666,0.00022700000000000002,0.11333,26.60412815298666
23.35,448,0.23316000000000003,0.0002335,0.11658000000000002,25.190282438700994
33.69,449,0.33655999999999997,0.0003369,0.16827999999999999,30.08175516896414
26.97,450,0.26936,0.0002697,0.13468,27.864015168964166
18.47,451,0.18436,0.00018469999999999996,0.09218,22.071294276106972
20.25,452,0.20216,0.0002025,0.10108,21.90337999039273
32.27,453,0.32236000000000004,0.00032270000000000004,0.16118000000000002,29.048632591974197
36.15,454,0.36116,0.0003615,0.18058,33.13953183439839
29.59,455,0.29556,0.0002959,0.14778,31.433071001065105
28.27,456,0.28236,0.0002827,0.14118,30.518157667731785
35.74,457,0.35706000000000004,0.0003574,0.17853000000000002,32.88447470236376
37.4,458,0.37366,0.000374,0.18683,34.100385119030385
26.52,459,0.26486,0.0002652,0.13243,28.907601780395442
23.68,460,0.23646,0.0002368,0.11823,27.044590470871604
40.94,461,0.40906,0.0004094,0.20453,35.27949543560043
39.41,462,0.39376,0.00039409999999999993,0.19688,36.89878426135799
28.09,463,0.28056000000000003,0.0002809,0.14028000000000002,30.710428051179363
22.2,464,0.22166,0.000222,0.11083,26.08142842246738
35.04,465,0.35006,0.0003504,0.17503,31.114215684372144
32.07,466,0.32036000000000003,0.0003207,0.16018000000000002,31.357332351038806
23.45,467,0.23416,0.00023449999999999998,0.11708,27.341155684372133
27.51,468,0.27476000000000006,0.0002751,0.13738000000000003,28.249320684372197
34.34,469,0.34306000000000003,0.0003434,0.17153000000000002,31.82053690731594
34.65,470,0.34616,0.00034649999999999997,0.17308,32.51984851445876
30.25,471,0.30216000000000004,0.00030250000000000003,0.15108000000000002,30.719705181125388
23.36,472,0.23326000000000002,0.00023359999999999999,0.11663000000000001,26.56723142959915
31.09,473,0.31056,0.0003109,0.15528,28.506194762932527
28.77,474,0.28736,0.0002877,0.14368,28.288261429599217
19.83,475,0.19796,0.0001983,0.09898,22.668391511043737
21.2,476,0.21166000000000001,0.00021199999999999998,0.10583000000000001,22.0137596928619
28.4,477,0.28366,0.000284,0.14183,21.13275969286191
27.1,478,0.27066,0.00027100000000000003,0.13533,18.65745873132352
16.57,479,0.16536,0.00016570000000000002,0.08268,18.545083731323544
17.36,480,0.17326,0.0001736,0.08663,19.37813373132354
28.78,481,0.28746000000000005,0.0002878,0.14373000000000002,21.497279564656864
32.13,482,0.32096,0.00032130000000000006,0.16048,28.86010968370449
26.58,483,0.26546,0.0002658,0.13273,28.62139832006808
29.39,484,0.29356000000000004,0.0002939,0.14678000000000002,29.411606653401442
36.33,485,0.36296,0.0003633,0.18148,34.14705708209919
36.18,486,0.36146,0.0003618,0.18073,35.75517620490624
34.19,487,0.34156,0.00034189999999999996,0.17078,35.38794287157285
37.31,488,0.37276000000000004,0.0003731,0.18638000000000002,37.02800203823962
44.76,489,0.44726,0.0004476,0.22363,41.04342398268411
48.53,490,0.48496000000000006,0.00048530000000000003,0.24248000000000003,41.16234064935078
37.01,491,0.36976,0.0003701,0.18488,37.09930011363649
34.81,492,0.34776,0.00034810000000000006,0.17388,36.10013761363649
48.01,493,0.47976,0.00048009999999999996,0.23988,34.97307904220791
42.78,494,0.42746,0.0004278,0.21373,30.468342196969793
27.26,495,0.27226000000000006,0.00027260000000000007,0.13613000000000003,30.462098735431287
30.86,496,0.30826000000000003,0.00030859999999999997,0.15413000000000002,31.43576873543124
40.36,497,0.40326,0.0004036,0.20163,37.81596206876448
40.2,498,0.4016600000000001,0.000402,0.20083000000000004,38.69098349733591
29.6,499,0.29566000000000003,0.000296,0.14783000000000002,32.93896830357146
29.42,500,0.29386,0.0002942,0.14693,31.04996830357147
37.61,501,0.37576000000000004,0.0003761,0.18788000000000002,34.8067733035714
35.47,502,0.35436,0.0003547,0.17718,34.46676705357142
25.28,503,0.25246,0.0002528,0.12623,28.205639727564108
25.01,504,0.24976000000000004,0.0002501,0.12488000000000002,26.36959806089751
32.52,505,0.32486000000000004,0.00032520000000000004,0.16243000000000002,29.118527227564197
31.13,506,0.31096,0.0003113,0.15548,26.56543222756419
15.01,507,0.14976,0.0001501,0.07488,18.20941413232605
19.06,508,0.19026,0.0001906,0.09513,19.636964132325996
30.83,509,0.30796,0.00030829999999999996,0.15398,27.389337941849806
30.99,510,0.30956,0.0003099,0.15478,29.617275441849742
23.1,511,0.23066000000000003,0.000231,0.11533000000000002,25.972549330738687
25.11,512,0.25076,0.00025110000000000003,0.12538,26.06576599740536
32.93,513,0.32896000000000003,0.00032930000000000004,0.16448000000000002,29.992854434523828
31.54,514,0.31506,0.00031539999999999997,0.15753,30.00110443452384
24.47,515,0.24436,0.0002447,0.12218,26.52834610119048
26.15,516,0.26116,0.0002615,0.13058,28.10961943452377
42.16,517,0.42125999999999997,0.00042159999999999995,0.21062999999999998,38.71198839285708
46.3,518,0.46266,0.000463,0.23133,43.44102291666668
38.97,519,0.38936,0.0003897,0.19468,40.27739791666674
36.29,520,0.36256,0.0003629,0.18128,37.90818958333334
43.47,521,0.43436,0.0004347,0.21718,40.77586458333336
39.61,522,0.39576,0.0003961,0.19788,39.61352458333328
30.99,523,0.30956,0.0003099,0.15478,31.97714015350867
23.17,524,0.23136000000000004,0.00023170000000000002,0.11568000000000002,26.335208724937342
31.98,525,0.31946,0.00031979999999999997,0.15973,29.520429677318248
31.36,526,0.31326000000000004,0.0003136,0.15663000000000002,29.609934439222993
18.15,527,0.18116,0.00018149999999999997,0.09058,22.302853605889737
22.23,528,0.22196000000000002,0.00022229999999999998,0.11098000000000001,22.76215598684209
29.09,529,0.29056000000000004,0.00029089999999999997,0.14528000000000002,24.493313486842062
30.48,530,0.30446,0.00030480000000000004,0.15223,29.130292403508705
30.29,531,0.30256,0.0003029,0.15128,29.72490240350874
25.92,532,0.25886000000000003,0.00025920000000000007,0.12943000000000002,27.86616728446117
35.39,533,0.35356000000000004,0.0003539,0.17678000000000002,32.43067175790441
34.13,534,0.34096000000000004,0.0003413,0.17048000000000002,32.273671757904424
23.41,535,0.23376000000000002,0.0002341,0.11688000000000001,29.98688449599964
26.85,536,0.26816,0.0002685,0.13408,30.37033830552343
39.98,537,0.39946,0.00039979999999999996,0.19973,35.311907638135175
41.8,538,0.41766,0.00041799999999999997,0.20883,35.696850495278014
29.95,539,0.29916000000000004,0.0002995,0.14958000000000002,33.675429939722484
37.75,540,0.37716,0.00037749999999999996,0.18858,36.3421041063892
41.17,541,0.41136000000000006,0.0004117,0.20568000000000003,38.777231249246384
37.45,542,0.37416000000000005,0.0003745,0.18708000000000002,37.135007439722514
28.72,543,0.28686,0.0002872,0.14343,32.009221011151126
29.61,544,0.29576,0.0002961,0.14788,31.457178511151092
40.62,545,0.40586,0.00040619999999999995,0.20293,37.82959896028526
44.8,546,0.44766,0.000448,0.22383,40.98419515076154
34.46,547,0.34426,0.0003446,0.17213,37.52593837268666
34.85,548,0.34816,0.0003485,0.17408,37.99018837268668
42.08,549,0.42046,0.0004208,0.21023,39.28060424570258
43.14,550,0.43106,0.0004314,0.21553,39.02910424570256
32.37,551,0.32336,0.00032369999999999995,0.16168,36.20783674570251
31.68,552,0.31646,0.00031679999999999995,0.15823,36.11030341236917
42.64,553,0.42606000000000005,0.0004264,0.21303000000000002,40.80544507903588
44.98,554,0.44945999999999997,0.00044979999999999993,0.22472999999999999,41.188236745702426
28.36,555,0.28326,0.0002836,0.14163,33.82011551179745
30.1,556,0.30066000000000004,0.000301,0.15033000000000002,31.823982113529134
38.78,557,0.38746,0.0003878,0.19373,36.15997953416402
41.25,558,0.41216,0.0004125,0.20608,38.60978441511642
30.87,559,0.30836,0.0003087,0.15418,33.99335338156663
35.19,560,0.35156,0.00035189999999999993,0.17578,33.86409338156663
42.14,561,0.42106000000000005,0.0004214,0.21053000000000002,33.12217671489993
34.74,562,0.34706000000000004,0.00034740000000000004,0.17353000000000002,32.515491714899944
28.92,563,0.28886000000000006,0.00028920000000000004,0.14443000000000003,30.379549294075204
26.99,564,0.26956,0.0002699,0.13478,28.623495960741824
32.05,565,0.32016,0.0003205,0.16008,30.490629294075244
32.4,566,0.32366,0.00032399999999999996,0.16183,29.827633460741907
22.94,567,0.22906000000000004,0.00022940000000000002,0.11453000000000002,25.982660960741843
26.61,568,0.26576,0.00026609999999999996,0.13288,27.400519294075174
39.13,569,0.39096000000000003,0.0003913,0.19548000000000001,34.15744578779395
39.0,570,0.38966,0.00039,0.19483,34.62399078779394
26.95,571,0.26916,0.00026950000000000005,0.13458,31.621916621127205
28.62,572,0.28586,0.0002862,0.14293,32.38684578779387
38.75,573,0.38716,0.0003875,0.19358,31.717745787793856
40.08,574,0.40046,0.0004008,0.20023,35.62464473037089
27.95,575,0.27916,0.00027949999999999996,0.13958,31.71501703613527
27.45,576,0.27416,0.00027449999999999995,0.13708,29.764676036135267
38.74,577,0.38706,0.00038740000000000004,0.19353,35.062362352121895
42.1,578,0.42066000000000003,0.00042100000000000004,0.21033000000000002,36.632455978495535
35.29,579,0.35256,0.00035289999999999996,0.17628,36.19273211485924
35.51,580,0.35476,0.0003551,0.17738,36.540590448192624
43.0,581,0.42966000000000004,0.00043,0.21483000000000002,39.91435821154035
43.41,582,0.43376,0.0004340999999999999,0.21688,40.85928154487364
30.29,583,0.30256,0.0003029,0.15128,39.10005904487365
28.31,584,0.28276,0.0002831,0.14138,34.252176445667374
42.51,585,0.42476,0.00042510000000000003,0.21238,33.550504779000725
42.97,586,0.42936,0.0004297,0.21468,38.704888628207065
32.13,587,0.32096,0.00032130000000000006,0.16048,36.03498541392136
34.9,588,0.34866,0.000349,0.17433,35.79985541392127
47.77,589,0.47736000000000006,0.0004777,0.23868000000000003,37.44568571695154
45.16,590,0.45126,0.00045159999999999997,0.22563,40.58313249350829
33.86,591,0.33826,0.00033860000000000004,0.16913,36.589463445889265
32.32,592,0.32286000000000004,0.00032320000000000005,0.16143000000000002,34.55338725541307
44.48,593,0.44445999999999997,0.00044479999999999997,0.22222999999999998,41.77903883173827
46.45,594,0.4641600000000001,0.00046450000000000007,0.23208000000000004,44.550217403166904
40.46,595,0.40426,0.0004046,0.20213,41.877573653166955
42.94,596,0.42906,0.0004294,0.21453,42.21768198650031
46.25,597,0.46216,0.0004625,0.23108,43.788732899198756
45.97,598,0.45936,0.0004597,0.22968,41.83179956586549
32.7,599,0.32666000000000006,0.00032700000000000003,0.16333000000000003,41.860599565865506
31.39,600,0.31356,0.00031390000000000004,0.15678,36.07992289919886
41.26,601,0.41226,0.00041259999999999995,0.20613,38.963098454754444
43.14,602,0.43106,0.0004314,0.21553,40.60061512142108
30.66,603,0.30626000000000003,0.0003066,0.15313000000000002,33.45920585317457
24.12,604,0.24086000000000002,0.0002412,0.12043000000000001,28.211792638888824
34.75,605,0.34716,0.0003475,0.17358,29.72124055555548
42.7,606,0.42666000000000004,0.000427,0.21333000000000002,37.929983888888785
32.32,607,0.32286000000000004,0.00032320000000000005,0.16143000000000002,35.458987847222126
32.73,608,0.32696,0.0003273,0.16348,34.9470628472221
47.31,609,0.47276000000000007,0.0004731,0.23638000000000003,42.639286584596
47.85,610,0.47816000000000003,0.00047850000000000003,0.23908000000000001,45.71676649912599
38.21,611,0.38176000000000004,0.0003821,0.19088000000000002,40.65206170974866
39.22,612,0.39186,0.0003922,0.19593,39.918051482475924
48.55,613,0.48516,0.00048549999999999993,0.24258,44.326857593587
43.77,614,0.43736,0.00043770000000000007,0.21868,42.848503426920345
29.87,615,0.29836,0.0002987,0.14918,33.7951542602536
36.04,616,0.36006,0.00036040000000000003,0.18003,36.11330009358693
45.49,617,0.45456,0.0004549,0.22728,37.60850009358692
44.74,618,0.44706,0.00044740000000000003,0.22353,40.84805842692021
34.5,619,0.34466,0.00034500000000000004,0.17233,37.48284453803137
36.89,620,0.36856,0.0003689,0.18428,38.021834538031364
53.32,621,0.53286,0.0005332000000000001,0.26643,37.5435078713647
53.06,622,0.5302600000000001,0.0005306,0.26513000000000003,39.89759575598005
40.49,623,0.40456000000000003,0.00040490000000000003,0.20228000000000002,40.69376242264672
39.54,624,0.39506,0.0003954,0.19753,40.54685492264675
51.3,625,0.51266,0.000513,0.25633,46.35497622134807
47.92,626,0.47886000000000006,0.0004792,0.23943000000000003,46.403276221348094
40.18,627,0.40146000000000004,0.0004018,0.20073000000000002,42.27190122134815
32.7,628,0.32666000000000006,0.00032700000000000003,0.16333000000000003,41.125876221348136
41.24,629,0.41206000000000004,0.0004124,0.20603000000000002,40.837949554681366
42.5,630,0.42466000000000004,0.000425,0.21233000000000002,39.71146955468134
36.56,631,0.36526000000000003,0.00036560000000000005,0.18263000000000001,36.339277888014685
33.95,632,0.3391600000000001,0.0003395,0.16958000000000004,35.94673622134805
38.55,633,0.38516,0.0003855,0.19258,35.941536221348116
37.41,634,0.37376,0.0003741,0.18688,34.5311778880148
24.79,635,0.24756,0.0002479,0.12378,28.38558078484016
25.37,636,0.25336000000000003,0.0002537,0.12668000000000001,27.85864939595127
35.31,637,0.35276,0.0003531,0.17638,31.520597610237054
31.32,638,0.31286,0.0003132,0.15643,31.594847610237057
25.1,639,0.25066000000000005,0.00025100000000000003,0.12533000000000002,26.955547553418814
25.62,640,0.25586000000000003,0.00025620000000000005,0.12793000000000002,27.24166422008545
38.8,641,0.38766,0.000388,0.19383,33.55053743437124
32.89,642,0.32856,0.00032889999999999997,0.16428,31.963823624847453
21.05,643,0.21016,0.00021050000000000002,0.10508,25.049486765873056
23.99,644,0.23956,0.00023989999999999998,0.11978,24.703121372932582
31.69,645,0.31656,0.0003169,0.15828,29.675348277694457
31.53,646,0.31496,0.0003153,0.15748,30.331525777694488
22.88,647,0.22846,0.00022879999999999998,0.11423,25.938334944361223
24.57,648,0.24536000000000002,0.00024569999999999995,0.12268000000000001,25.80079518245645
32.58,649,0.32546,0.00032579999999999995,0.16273,27.320895539599306
33.27,650,0.33236000000000004,0.00033270000000000006,0.16618000000000002,30.453813198329513
22.09,651,0.22056,0.0002209,0.11028,31.37482153166286
25.41,652,0.25376000000000004,0.00025410000000000005,0.12688000000000002,29.032961531662792
35.02,653,0.34986000000000006,0.00035020000000000006,0.17493000000000003,32.6558906983295
35.48,654,0.35446,0.00035479999999999995,0.17723,33.87311462690092
34.15,655,0.34116,0.00034149999999999995,0.17058,33.37984060592179
30.91,656,0.30876000000000003,0.0003091,0.15438000000000002,32.93761310592179
44.48,657,0.44445999999999997,0.00044479999999999997,0.22222999999999998,39.71329701617813
35.56,658,0.35526,0.0003556,0.17763,36.17777780982912
20.27,659,0.20236,0.0002027,0.10118,26.154837293956106
18.02,660,0.17986000000000002,0.00018020000000000002,0.08993000000000001,23.2862506272894
25.18,661,0.25146,0.0002518,0.12573,25.092281123321136
26.78,662,0.26746000000000003,0.0002678,0.13373000000000002,25.583414456654456
19.47,663,0.19436,0.0001947,0.09718,21.88183897419828
20.26,664,0.20226000000000002,0.00020260000000000002,0.10113000000000001,21.150261295626944
30.28,665,0.30246,0.00030280000000000004,0.15123,27.305889138021463
32.34,666,0.32306000000000007,0.00032340000000000005,0.16153000000000003,29.659286915799253
26.1,667,0.26066,0.000261,0.13033,27.603962193577008
23.01,668,0.22976000000000002,0.00023010000000000004,0.11488000000000001,26.03416805438288
32.13,669,0.32096,0.00032130000000000006,0.16048,26.67595790286772
32.2,670,0.32166000000000006,0.000322,0.16083000000000003,29.09727897429622
24.94,671,0.24906000000000003,0.0002494,0.12453000000000002,27.51043321672047
23.63,672,0.23596,0.0002363,0.11798,26.172261550053868
33.5,673,0.33466,0.000335,0.16733,30.14617222465701
33.74,674,0.33706,0.0003374,0.16853,31.138859010371224
22.75,675,0.22716000000000003,0.0002275,0.11358000000000001,25.977372036005768
21.79,676,0.21756,0.00021789999999999998,0.10878,24.07128635418759
32.41,677,0.32376,0.0003241,0.16188,29.288238395216716
32.28,678,0.32246,0.0003228,0.16123,30.48880998862332
25.05,679,0.25016000000000005,0.0002505,0.12508000000000002,30.041580821956668
22.89,680,0.22856,0.0002289,0.11428,26.852457131480506
32.04,681,0.32006,0.0003204,0.16003,29.40251078146612
31.65,682,0.31616,0.0003165,0.15808,30.328594163819034
25.43,683,0.25396,0.0002543,0.12698,27.599697797535715
23.56,684,0.23526,0.00023559999999999998,0.11763,26.36169865612159
34.41,685,0.34376,0.00034409999999999996,0.17188,31.51718555727593
35.23,686,0.35196,0.0003523,0.17598,33.76580944616477
31.15,687,0.31116,0.0003115,0.15558,31.915394168387035
28.51,688,0.28476,0.00028510000000000005,0.14238,30.439758216006158
36.19,689,0.36156,0.00036189999999999996,0.18078,33.37153667338206
33.26,690,0.33226,0.0003326,0.16613,32.60917417338215
19.42,691,0.19386000000000003,0.00019420000000000003,0.09693000000000002,31.780807939615933
26.27,692,0.26236000000000004,0.0002627,0.13118000000000002,29.23318022899321
32.42,693,0.32386000000000004,0.0003242,0.16193000000000002,28.566955228993194
30.23,694,0.30196,0.0003023,0.15098,29.006255228993105
25.65,695,0.25616,0.0002565,0.12808,28.727730228993085
21.33,696,0.21296,0.00021329999999999998,0.10648,25.728027504634127
33.97,697,0.33936,0.0003397,0.16968,30.469601195110368
29.83,698,0.29796,0.00029829999999999993,0.14898,30.39025119511034
25.09,699,0.25056,0.00025089999999999997,0.12528,26.42864031636496
19.57,700,0.19536,0.0001957,0.09768,22.38134007826971
24.85,701,0.24816000000000002,0.0002485,0.12408000000000001,21.470135568598092
24.23,702,0.24196,0.00024229999999999998,0.12098,23.017385568598037
19.22,703,0.19186,0.00019219999999999998,0.09593,21.228685568598024
20.71,704,0.20676000000000003,0.00020710000000000002,0.10338000000000001,21.747243901931412
30.13,705,0.30096,0.00030129999999999995,0.15048,27.18264318764574
34.66,706,0.34625999999999996,0.00034659999999999997,0.17312999999999998,30.115330065351355
32.16,707,0.32126,0.00032159999999999996,0.16063,32.80616399392271
34.46,708,0.34426,0.0003446,0.17213,34.77608066058943
41.64,709,0.41606000000000004,0.0004164,0.20803000000000002,38.7423556605895
39.72,710,0.39686,0.00039719999999999995,0.19843,38.26194566058949
26.39,711,0.26356,0.0002639,0.13178,30.23233725149856
27.55,712,0.27516,0.0002755,0.13758,28.1260705848319
32.41,713,0.32376,0.0003241,0.16188,30.960016590909067
34.32,714,0.34286,0.0003432,0.17143,33.03200409090903
31.41,715,0.31376000000000004,0.0003141,0.15688000000000002,32.71562450757568
33.92,716,0.33886000000000005,0.0003392,0.16943000000000003,34.57773784090901
41.62,717,0.41586,0.0004162,0.20793,38.80031024891766
42.54,718,0.42506,0.0004254,0.21253,39.61078524891765
37.65,719,0.37616,0.0003765,0.18808,38.062947748917644
42.09,720,0.42056000000000004,0.0004209,0.21028000000000002,38.701001320346236
47.37,721,0.47336,0.00047369999999999997,0.23668,38.026701320346255
47.67,722,0.47636000000000006,0.00047670000000000004,0.23818000000000003,38.13085132034634
36.92,723,0.36886,0.00036920000000000003,0.18443,39.92923465367973
39.15,724,0.39116,0.0003915,0.19558,39.86193465367973
48.89,725,0.48856000000000005,0.0004889,0.24428000000000002,45.201392153679706
40.39,726,0.40356000000000003,0.0004039,0.20178000000000001,41.67203715367977
29.81,727,0.29776,0.0002981,0.14888,38.98317401265411
30.92,728,0.30886,0.00030920000000000003,0.15443,33.388451393606424
36.03,729,0.35996,0.00036030000000000003,0.17998,34.69199639360638
37.67,730,0.37636000000000003,0.00037670000000000005,0.18818000000000001,35.59023806027309
23.83,731,0.23796,0.00023829999999999996,0.11898,27.605350668498154
22.55,732,0.22516000000000003,0.0002255,0.11258000000000001,25.09277983516488
36.82,733,0.36786,0.0003682,0.18393,32.65445712350147
33.99,734,0.33956000000000003,0.0003399,0.16978000000000001,33.24033545683476
26.81,735,0.26776,0.00026809999999999996,0.13388,29.30573379016818
22.37,736,0.22336000000000003,0.00022370000000000002,0.11168000000000002,26.543275933025267
38.87,737,0.38836,0.00038869999999999996,0.19418,33.639252599691915
37.57,738,0.37536,0.0003757,0.18768,35.474358433025266
28.6,739,0.28566,0.00028600000000000007,0.14283,31.964863075882434
29.78,740,0.29746,0.00029780000000000003,0.14873,31.454855586704948
41.12,741,0.41086,0.00041119999999999997,0.20543,36.536426204836765
35.95,742,0.35916000000000003,0.0003595,0.17958000000000002,35.506022831820886
26.84,743,0.26806,0.00026839999999999996,0.13403,29.862244135378546
25.68,744,0.25646,0.0002568,0.12823,27.71779080204522
30.55,745,0.30516000000000004,0.0003055,0.15258000000000002,29.14392154609285
33.95,746,0.3391600000000001,0.0003395,0.16958000000000004,28.663813212759518
24.0,747,0.23966,0.00024000000000000003,0.11983,26.162759046092802
25.83,748,0.25796,0.0002583,0.12898,27.017475712759445
36.28,749,0.36246,0.0003628,0.18123,32.71574690684313
35.15,750,0.35116,0.0003515,0.17558,34.44898216477963
32.06,751,0.32026000000000004,0.00032060000000000004,0.16013000000000002,33.2249671647797
32.21,752,0.32176000000000005,0.0003221,0.16088000000000002,33.032262998113026
36.82,753,0.36786,0.0003682,0.18393,35.312015182178904
35.44,754,0.35406,0.0003544,0.17703,35.27986768217887
27.89,755,0.27856000000000003,0.0002789,0.13928000000000001,35.405692682178874
30.2,756,0.30166,0.00030199999999999997,0.15083,35.76499491432176
36.42,757,0.36386,0.0003642,0.18193,34.59373372384565
39.06,758,0.39026000000000005,0.0003906,0.19513000000000003,34.07250967622661
24.37,759,0.24336000000000002,0.0002437,0.12168000000000001,29.037973842893194
28.86,760,0.28826,0.00028859999999999997,0.14413,29.37206761273443
34.52,761,0.34486000000000006,0.00034520000000000004,0.17243000000000003,32.49071546987737
33.89,762,0.33856,0.0003389,0.16928,32.95836546987739
28.19,763,0.28156000000000003,0.0002819,0.14078000000000002,30.118457490079336
29.23,764,0.29196,0.0002923,0.14598,30.143109573412627
41.26,765,0.41226,0.00041259999999999995,0.20613,33.26611262896815
42.49,766,0.42456000000000005,0.00042490000000000003,0.21228000000000002,39.802989355158644
36.6,767,0.36566000000000004,0.000366,0.18283000000000002,38.47933810515879
39.63,768,0.39596000000000003,0.00039630000000000004,0.19798000000000002,39.43200998015881
46.8,769,0.46765999999999996,0.00046799999999999994,0.23382999999999998,43.97452775793656
47.52,770,0.47486000000000006,0.0004752,0.23743000000000003,43.265052757936544
32.69,771,0.32656,0.0003269,0.16328,37.58103095238091
32.75,772,0.32716,0.0003275,0.16358,37.0822809523809
44.43,773,0.44396,0.0004443,0.22198,43.00775831349214
43.89,774,0.43856,0.0004389,0.21928,42.91004164682548
35.34,775,0.35306000000000004,0.0003534,0.17653000000000002,37.82124331349215
34.66,776,0.34625999999999996,0.00034659999999999997,0.17312999999999998,36.06017248015869
47.08,777,0.47046,0.0004708,0.23523,42.52380069444441
45.64,778,0.45606,0.00045640000000000003,0.22803,42.413000694444435
34.18,779,0.34146000000000004,0.0003418,0.17073000000000002,38.311267361111156
36.92,780,0.36886,0.00036920000000000003,0.18443,37.339136527777846
41.51,781,0.41476,0.0004151,0.20738,40.411101111111186
42.36,782,0.42326,0.0004236,0.21163,40.274001111111076
29.5,783,0.29466000000000003,0.00029499999999999996,0.14733000000000002,33.444977499999986
33.88,784,0.33846000000000004,0.00033880000000000005,0.16923000000000002,34.20108464285718
42.21,785,0.42176,0.0004221,0.21088,39.897235714285756
41.89,786,0.41856000000000004,0.0004189,0.20928000000000002,40.9013982142858
33.44,787,0.33405999999999997,0.0003344,0.16702999999999998,38.05720571428581
27.81,788,0.27776,0.0002781,0.13888,31.363044047619105
35.58,789,0.35546,0.0003558,0.17773,34.07522904761904
38.65,790,0.38616,0.00038649999999999996,0.19308,36.80505523809517
31.89,791,0.31856,0.0003189,0.15928,33.711601071428625
33.05,792,0.33016,0.0003305,0.16508,33.70410440476198
38.2,793,0.38166000000000005,0.00038200000000000007,0.19083000000000003,34.44344440476199
39.63,794,0.39596000000000003,0.00039630000000000004,0.19798000000000002,36.78825273809532
32.31,795,0.32276000000000005,0.00032310000000000005,0.16138000000000002,35.47868035714296
32.72,796,0.32686,0.0003272,0.16343,36.591480357142935
45.62,797,0.45586,0.0004562,0.22793,43.030448333333304
42.5,798,0.42466000000000004,0.000425,0.21233000000000002,41.110448333333316
31.22,799,0.31186,0.0003122,0.15593,37.67786833333331
24.15,800,0.24116,0.0002415,0.12058,29.413558333333246
36.99,801,0.36956000000000006,0.00036990000000000005,0.18478000000000003,33.37154999999987
37.74,802,0.37706000000000006,0.0003774,0.18853000000000003,35.066049999999876
23.42,803,0.23386000000000004,0.00023420000000000003,0.11693000000000002,27.125854166666674
19.3,804,0.19266000000000003,0.00019300000000000003,0.09633000000000001,21.888595833333397
27.25,805,0.27216,0.00027249999999999996,0.13608,24.81001250000002
30.41,806,0.30376000000000003,0.0003041,0.15188000000000001,24.63851250000001
20.97,807,0.20936,0.0002097,0.10468,21.599687499999956
19.95,808,0.19916,0.0001995,0.09958,20.98845416666661
27.44,809,0.27406,0.0002744,0.13703,24.58482499999996
25.04,810,0.25006,0.0002504,0.12503,23.231124999999967
11.24,811,0.11205999999999999,0.0001124,0.056029999999999996,15.996758333333307
9.99,812,0.09956,9.99e-05,0.04978,14.60677499999998
18.28,813,0.18246000000000004,0.00018280000000000003,0.09123000000000002,18.159575000000046
22.0,814,0.21966000000000002,0.00022,0.10983000000000001,19.909254166666695
13.8,815,0.13766,0.00013800000000000002,0.06883,17.54895416666671
13.45,816,0.13416,0.0001345,0.06708,20.167098333333392
31.53,817,0.31496,0.0003153,0.15748,29.262930416666677
29.89,818,0.29856000000000005,0.0002989,0.14928000000000002,30.07496375000004
24.9,819,0.24866,0.000249,0.12433,30.429813750000054
30.77,820,0.30736,0.0003077,0.15368,31.88752208333338
35.49,821,0.35456000000000004,0.0003549,0.17728000000000002,33.975656249999936
35.66,822,0.35625999999999997,0.00035659999999999994,0.17812999999999998,34.27707291666658
25.04,823,0.25006,0.0002504,0.12503,28.012506249999948
24.24,824,0.24206,0.00024239999999999998,0.12103,26.244745416666557
35.98,825,0.35946,0.00035979999999999996,0.17973,32.62176166666655
34.01,826,0.33976,0.00034009999999999997,0.16988,33.15471791666672
23.63,827,0.23596,0.0002363,0.11798,26.536610138888978
24.26,828,0.24226000000000003,0.00024260000000000002,0.12113000000000002,25.169954305555656
33.21,829,0.33176,0.0003321,0.16588,25.70136680555563
29.87,830,0.29836,0.0002987,0.14918,27.695415138888883
23.77,831,0.23736000000000002,0.00023769999999999998,0.11868000000000001,26.22376763888894
28.04,832,0.28006000000000003,0.0002804,0.14003000000000002,27.9525426388889
38.77,833,0.38736000000000004,0.00038770000000000005,0.19368000000000002,35.12972452380963
37.26,834,0.37226,0.0003726,0.18613,35.674279523809645
25.92,835,0.25886000000000003,0.00025920000000000007,0.12943000000000002,29.27889202380958
24.72,836,0.24686,0.0002472,0.12343,27.681178690476205
41.82,837,0.41786,0.00041820000000000003,0.20893,36.17134452380948
43.95,838,0.43916000000000005,0.0004395,0.21958000000000003,37.42434452380945
31.53,839,0.31496,0.0003153,0.15748,32.97920333333329
32.37,840,0.32336,0.00032369999999999995,0.16168,33.33465333333328
40.55,841,0.40515999999999996,0.0004055,0.20257999999999998,38.095387500000044
41.75,842,0.41716000000000003,0.0004175,0.20858000000000002,40.17975750000001
33.7,843,0.33666000000000007,0.000337,0.16833000000000004,36.64544749999994
37.08,844,0.37046,0.0003708,0.18523,37.21797083333327
43.32,845,0.43286,0.00043319999999999996,0.21643,41.71060166666658
42.8,846,0.42766,0.00042799999999999994,0.21383,42.30647333333337
27.78,847,0.27746000000000004,0.00027780000000000003,0.13873000000000002,39.323673333333375
24.73,848,0.24696,0.0002473,0.12348,29.600303571428498
37.41,849,0.37376,0.0003741,0.18688,33.644986904761836
34.31,850,0.34276000000000006,0.00034310000000000005,0.17138000000000003,33.68414690476196
22.86,851,0.22826000000000002,0.0002286,0.11413000000000001,25.521709404761904
24.05,852,0.24016,0.00024050000000000002,0.12008,25.044209404761958
36.23,853,0.36196,0.00036229999999999997,0.18098,32.04487857142852
32.92,854,0.32886000000000004,0.0003292,0.16443000000000002,31.162878571428575
13.69,855,0.13656,0.0001369,0.06828,19.861361666666706
13.21,856,0.13176000000000002,0.00013209999999999999,0.06588000000000001,16.032053333333366
28.01,857,0.27976,0.00028010000000000003,0.13988,18.30580333333336
29.73,858,0.29696,0.00029729999999999996,0.14848,25.574353333333292
25.23,859,0.25196,0.0002523,0.12598,27.18685333333329
22.81,860,0.22776,0.0002281,0.11388,25.045913333333342
28.11,861,0.28076,0.0002811,0.14038,25.01751333333335
30.19,862,0.30156000000000005,0.0003019,0.15078000000000003,27.619579999999978
22.39,863,0.22356,0.00022390000000000002,0.11178,25.10987999999999
24.57,864,0.24536000000000002,0.00024569999999999995,0.12268000000000001,25.72377999999999
37.41,865,0.37376,0.0003741,0.18688,34.12320999999993
38.43,866,0.38396,0.0003843,0.19198,36.93235000000003
30.31,867,0.30276000000000003,0.0003031,0.15138000000000001,32.3942500000001
32.92,868,0.32886000000000004,0.0003292,0.16443000000000002,33.37030000000008
43.64,869,0.43606,0.0004364,0.21803,41.93160000000008
52.49,870,0.52456,0.0005249,0.26228,49.1954499999999
46.34,871,0.46306,0.00046340000000000004,0.23153,47.77730000000001
44.7,872,0.44666000000000006,0.000447,0.22333000000000003,45.96150000000001
53.17,873,0.53136,0.0005317,0.26568,50.62225000000005
54.98,874,0.54946,0.0005498,0.27473,52.56217499999987
41.53,875,0.41496000000000005,0.0004153,0.20748000000000003,44.55989374999992
41.98,876,0.41946,0.00041979999999999996,0.20973,42.75569374999986
49.1,877,0.49066000000000004,0.000491,0.24533000000000002,46.98819375000004
47.78,878,0.47746000000000005,0.0004778,0.23873000000000003,47.130568750000066
41.34,879,0.41306000000000004,0.0004134,0.20653000000000002,42.823818750000044
41.28,880,0.41246000000000005,0.00041280000000000006,0.20623000000000002,41.98701874999997
49.79,881,0.49756,0.0004979,0.24878,41.32651874999996
44.23,882,0.44195999999999996,0.00044229999999999996,0.22097999999999998,38.20274124999996
36.54,883,0.36506,0.0003654,0.18253,37.5257745833333
38.33,884,0.38296,0.0003833,0.19148,38.16437458333329
53.48,885,0.53446,0.0005347999999999999,0.26723,38.4127245833333
50.71,886,0.50676,0.0005071,0.25338,40.500549583333395
40.8,887,0.40765999999999997,0.000408,0.20382999999999998,41.80740208333341
40.97,888,0.40936,0.00040970000000000004,0.20468,42.271702083333395
54.1,889,0.54066,0.0005409999999999999,0.27033,50.29041666666676
51.91,890,0.51876,0.0005190999999999999,0.25938,50.92683333333329
42.05,891,0.42016,0.0004205,0.21008,46.079683333333335
43.17,892,0.43136,0.00043170000000000003,0.21568,45.949783333333315
51.91,893,0.51876,0.0005190999999999999,0.25938,48.526183333333286
48.88,894,0.48846000000000006,0.0004888,0.24423000000000003,47.624540476190404
39.08,895,0.39046000000000003,0.00039079999999999996,0.19523000000000001,40.89809047619045
41.89,896,0.41856000000000004,0.0004189,0.20928000000000002,41.57551547619053
47.12,897,0.47086,0.00047119999999999996,0.23543,44.61519464285713
46.31,898,0.46276000000000006,0.0004631,0.23138000000000003,44.50879464285714
34.08,899,0.34046,0.0003408,0.17023,41.10728035714283
37.75,900,0.37716,0.00037749999999999996,0.18858,39.19164535714283
41.91,901,0.41875999999999997,0.0004191,0.20937999999999998,40.29671321428566
39.54,902,0.39506,0.0003954,0.19753,39.18091321428569
31.22,903,0.31186,0.0003122,0.15593,34.67930601731604
36.29,904,0.36256,0.0003629,0.18128,36.24846601731602
44.97,905,0.44936,0.0004497,0.22468,41.27491601731608
42.31,906,0.42276,0.00042310000000000004,0.21138,41.82159101731609
38.22,907,0.38186000000000003,0.0003822,0.19093000000000002,39.42712435064942
33.55,908,0.33516,0.00033549999999999997,0.16758,38.0561410173161
36.1,909,0.36066000000000004,0.000361,0.18033000000000002,36.244534588744685
37.31,910,0.37276000000000004,0.0003731,0.18638000000000002,34.42863042207798
26.57,911,0.26536000000000004,0.0002657,0.13268000000000002,30.66324542207791
24.35,912,0.24316000000000004,0.00024350000000000004,0.12158000000000002,30.317212088744558
36.54,913,0.36506,0.0003654,0.18253,34.82168042207789
37.12,914,0.37085999999999997,0.00037119999999999997,0.18542999999999998,34.82053042207788
26.22,915,0.26186,0.0002622,0.13093,28.430898755411246
23.25,916,0.23216,0.00023249999999999999,0.11608,25.63320768398267
36.04,917,0.36006,0.00036040000000000003,0.18003,27.001594469696975
37.89,918,0.37856,0.00037890000000000005,0.18928,33.90470166666675
28.3,919,0.28266,0.00028300000000000005,0.14133,31.835719166666752
34.51,920,0.34476,0.0003451,0.17238,33.46066500000009
40.35,921,0.40316,0.00040350000000000005,0.20158,37.10440750000011
35.24,922,0.35206000000000004,0.0003524,0.17603000000000002,35.2272325000001
24.14,923,0.24106000000000002,0.0002414,0.12053000000000001,26.176065833333386
25.09,924,0.25056,0.00025089999999999997,0.12528,26.38559583333339
35.81,925,0.35776,0.0003581,0.17888,25.279870833333383
35.01,926,0.34976,0.0003501,0.17488,26.48894583333338
27.06,927,0.27026,0.0002706,0.13513,27.31322083333339
24.1,928,0.24066000000000004,0.000241,0.12033000000000002,26.272954166666697
38.52,929,0.38486000000000004,0.00038520000000000004,0.19243000000000002,34.51295083333346
37.92,930,0.37886000000000003,0.0003792,0.18943000000000002,36.92537583333341
31.98,931,0.31946,0.00031979999999999997,0.15973,33.846685833333275
33.31,932,0.33276000000000006,0.0003331,0.16638000000000003,34.4489358333334
43.85,933,0.43816000000000005,0.00043850000000000003,0.21908000000000002,41.20452333333346
44.68,934,0.44646,0.0004468,0.22323,43.07634000000011
36.05,935,0.36016,0.0003605,0.18008,38.57982333333342
37.87,936,0.37836,0.00037869999999999994,0.18918,38.4254733333333
50.57,937,0.50536,0.0005057,0.25268,45.75414166666658
49.61,938,0.49576000000000003,0.0004961,0.24788000000000002,46.52379166666661
41.27,939,0.41236000000000006,0.0004127,0.20618000000000003,44.78035833333339
40.38,940,0.40346000000000004,0.00040380000000000006,0.20173000000000002,45.595708333333405
53.16,941,0.53126,0.0005316,0.26563,48.676458333333336
49.31,942,0.49276000000000003,0.0004931,0.24638000000000002,49.2547083333333
44.29,943,0.44256,0.0004429,0.22128,44.59303333333333
43.24,944,0.43206000000000006,0.00043240000000000005,0.21603000000000003,43.786583333333226
47.12,945,0.47086,0.00047119999999999996,0.23543,45.735708333333285
46.29,946,0.46256,0.0004629,0.23128,44.064291666666634
34.12,947,0.34086,0.00034119999999999995,0.17043,38.424533333333244
36.73,948,0.36696,0.00036729999999999993,0.18348,37.48533333333328
43.6,949,0.43566000000000005,0.000436,0.21783000000000002,41.53153333333337
41.4,950,0.41366,0.000414,0.20683,40.053583333333286
26.09,951,0.26056,0.0002609,0.13028,29.547558333333384
25.63,952,0.25596,0.0002563,0.12798,27.04210833333341
28.29,953,0.28256000000000003,0.0002829,0.14128000000000002,25.10977500000006
24.21,954,0.24176000000000003,0.00024210000000000003,0.12088000000000002,22.88245000000003
18.57,955,0.18536000000000002,0.0001857,0.09268000000000001,20.671100000000052
22.57,956,0.22536,0.0002257,0.11268,22.531700000000036
34.09,957,0.34056000000000003,0.00034090000000000005,0.17028000000000001,29.993141666666713
31.28,958,0.31246,0.0003128,0.15623,30.246241666666737
22.51,959,0.22476000000000004,0.00022510000000000002,0.11238000000000002,24.2146083333334
23.75,960,0.23716,0.0002375,0.11858,24.70905833333335
30.4,961,0.30366,0.00030399999999999996,0.15183,29.021701785714246
35.37,962,0.35336,0.0003537,0.17668,32.697931785714225
28.96,963,0.28926,0.0002896,0.14463,30.601673452380954
28.9,964,0.28866,0.000289,0.14433,31.666898452380977
38.59,965,0.38556000000000007,0.0003859,0.19278000000000003,36.92320000000004
38.86,966,0.38826,0.0003886,0.19413,36.44424999999999
23.35,967,0.23316000000000003,0.0002335,0.11658000000000002,27.38450000000004
23.77,968,0.23736000000000002,0.00023769999999999998,0.11868000000000001,24.768400000000046
31.85,969,0.31816000000000005,0.0003185,0.15908000000000003,29.734604166666735
29.16,970,0.29126,0.0002916,0.14563,29.19910416666664
19.9,971,0.19866,0.00019899999999999999,0.09933,23.157125000000004
26.8,972,0.26766,0.000268,0.13383,26.47181250000006
38.55,973,0.38516,0.0003855,0.19258,33.384912500000084
36.48,974,0.36446,0.0003648,0.18223,34.93586250000012
29.05,975,0.29016000000000003,0.0002905,0.14508000000000001,31.391375000000103
33.84,976,0.33806,0.00033840000000000004,0.16903,33.82542500000008
45.73,977,0.45696,0.0004573,0.22848,41.2361749999999
44.84,978,0.44806000000000007,0.0004484,0.22403000000000003,41.585162499999896
32.91,979,0.32876,0.0003290999999999999,0.16438,38.78352874999998
35.22,980,0.35186,0.0003522,0.17593,38.93727874999999
45.37,981,0.45336,0.00045369999999999997,0.22668,42.20130874999995
47.02,982,0.46986000000000006,0.0004702,0.23493000000000003,42.74331541666658
38.73,983,0.38695999999999997,0.0003873,0.19347999999999999,40.15748833333321
41.5,984,0.41466000000000003,0.000415,0.20733000000000001,41.35369499999995
48.25,985,0.48216000000000003,0.0004825,0.24108000000000002,41.03939499999997
50.87,986,0.50836,0.0005087,0.25418,41.16867000000002
40.88,987,0.40846000000000005,0.0004088,0.20423000000000002,42.09032000000002
46.52,988,0.46486000000000005,0.00046520000000000003,0.23243000000000003,44.43330833333334
52.3,989,0.52266,0.000523,0.26133,50.96581208333335
55.78,990,0.5574600000000001,0.0005578,0.27873000000000003,51.61973708333343
45.29,991,0.45256,0.00045289999999999995,0.22628,47.685145416666735
42.31,992,0.42276,0.00042310000000000004,0.21138,44.32391208333343
49.13,993,0.49096000000000006,0.0004913000000000001,0.24548000000000003,46.981001666666685
46.75,994,0.46716,0.00046750000000000003,0.23358,46.30541666666668
37.85,995,0.37816000000000005,0.0003785,0.18908000000000003,40.55325166666675
39.13,996,0.39096000000000003,0.0003913,0.19548000000000001,40.04531250000007
46.0,997,0.45966,0.00045999999999999996,0.22983,44.10701148989902
44.83,998,0.44796,0.0004483,0.22398,44.64487815656564
41.27,999,0.41236000000000006,0.0004127,0.20618000000000003,45.22962815656563
45.83,1000,0.45796,0.00045829999999999997,0.22898,47.93694065656564
55.05,1001,0.55016,0.0005505,0.27508,52.09756648989895
53.16,1002,0.53126,0.0005316,0.26563,52.019487323232255
42.7,1003,0.42666000000000004,0.000427,0.21333000000000002,46.405123156565644
43.77,1004,0.43736,0.00043770000000000007,0.21868,44.38022315656578
48.83,1005,0.48796,0.0004882999999999999,0.24398,47.167871489899014
46.67,1006,0.46636000000000005,0.0004667,0.23318000000000003,45.80705204545458
31.5,1007,0.31466,0.000315,0.15733,35.993867045454564
33.05,1008,0.33016,0.0003305,0.16508,34.05482121212128
44.19,1009,0.44156,0.0004419,0.22078,40.488504267676696
41.82,1010,0.41786,0.00041820000000000003,0.20893,41.36557732323223
36.86,1011,0.36826000000000003,0.0003686,0.18413000000000002,37.75139086399703
32.99,1012,0.32956,0.0003299,0.16478,35.064105863997035
37.8,1013,0.37766,0.00037799999999999997,0.18883,36.597535306637845
38.19,1014,0.38156,0.0003819,0.19078,37.22215197330445
32.02,1015,0.31986000000000003,0.00032020000000000003,0.15993000000000002,34.346316417749
37.37,1016,0.37335999999999997,0.0003737,0.18667999999999998,36.50552975108226
44.75,1017,0.44716,0.0004475,0.22358,42.09542903679654
47.01,1018,0.46976,0.0004701,0.23488,43.91310820346328
36.7,1019,0.36666000000000004,0.00036700000000000003,0.18333000000000002,39.611011120129845
36.01,1020,0.35976,0.00036009999999999997,0.17988,38.503474453463255
47.56,1021,0.47526,0.0004756,0.23763,44.33155959235218
48.26,1022,0.48226,0.0004825999999999999,0.24113,44.51229292568551
33.21,1023,0.33176,0.0003321,0.16588,47.264586805555616
37.81,1024,0.37776000000000004,0.00037810000000000003,0.18888000000000002,48.785056686507914
50.67,1025,0.50636,0.0005067,0.25318,48.76765311507934
47.23,1026,0.47196,0.00047229999999999993,0.23598,47.50866144841256
38.19,1027,0.38156,0.0003819,0.19078,46.21577811507923
39.36,1028,0.39326,0.00039359999999999997,0.19663,43.28189061507929
48.7,1029,0.48666000000000004,0.0004870000000000001,0.24333000000000002,45.678371567460296
45.68,1030,0.45646000000000003,0.0004568,0.22823000000000002,45.19619073412706
33.6,1031,0.33566,0.00033600000000000004,0.16783,38.865440376984225
33.66,1032,0.33626,0.0003366,0.16813,38.72401537698425
46.31,1033,0.46276000000000006,0.0004631,0.23138000000000003,41.694280892857286
46.81,1034,0.46776000000000006,0.0004681,0.23388000000000003,41.95217339285725
35.52,1035,0.35486000000000006,0.00035520000000000007,0.17743000000000003,37.070070178571505
37.78,1036,0.37746,0.0003778,0.18873,37.46121303571426
37.96,1037,0.37926000000000004,0.0003796,0.18963000000000002,37.99326303571427
41.11,1038,0.41076,0.0004111,0.20538,38.81742803571421
26.28,1039,0.26246,0.0002628,0.13123,31.970741845238052
26.06,1040,0.26026,0.0002606,0.13013,29.766988273809506
32.6,1041,0.32566,0.000326,0.16283,30.832715654761927
28.95,1042,0.28916000000000003,0.0002895,0.14458000000000001,29.32089898809522
24.04,1043,0.24006,0.00024040000000000002,0.12003,25.999800654761863
23.73,1044,0.23696000000000003,0.00023730000000000002,0.11848000000000002,25.307791964285666
34.9,1045,0.34866,0.000349,0.17433,31.370479067460256
34.77,1046,0.34736000000000006,0.0003477,0.17368000000000003,33.03092868867248
27.22,1047,0.27186,0.0002722,0.13593,30.26248118867245
28.23,1048,0.28196000000000004,0.00028230000000000003,0.14098000000000002,30.441397855339133
34.06,1049,0.34026000000000006,0.00034060000000000004,0.17013000000000003,33.547644938672505
37.14,1050,0.37106,0.0003714,0.18553,34.59811934343441
26.45,1051,0.26416,0.00026450000000000003,0.13208,29.539766248196216
22.63,1052,0.22596,0.00022629999999999997,0.11298,26.35807624819628
31.59,1053,0.31556,0.00031590000000000003,0.15778,27.389482498196294
36.43,1054,0.36396,0.0003643,0.18198,32.33714214105344
29.84,1055,0.29806,0.00029840000000000004,0.14903,34.34691562590193
29.31,1056,0.29276,0.00029309999999999997,0.14638,32.06062733225114
37.83,1057,0.37796,0.0003783,0.18898,35.39708735389609
36.58,1058,0.36546,0.0003658,0.18273,36.34612140151511
33.65,1059,0.33616,0.0003365,0.16808,34.94672140151508
34.93,1060,0.34896,0.0003493,0.17448,35.78540056818181
45.23,1061,0.45196,0.0004523,0.22598,42.34095667207783
47.3,1062,0.47265999999999997,0.00047299999999999995,0.23632999999999998,45.185533338744584
37.78,1063,0.37746,0.0003778,0.18873,40.16287513251711
36.73,1064,0.36696,0.00036729999999999993,0.18348,38.80154969600912
44.97,1065,0.44936,0.0004497,0.22468,41.406185437351176
43.76,1066,0.43726,0.0004376,0.21863,41.38998781830361
33.77,1067,0.33736000000000005,0.0003377,0.16868000000000002,37.341883234970304
36.07,1068,0.36036,0.0003607,0.18018,37.47230041750993
45.12,1069,0.45086,0.00045119999999999996,0.22543,41.64637249015947
46.31,1070,0.46276000000000006,0.0004631,0.23138000000000003,42.77789249015952
35.94,1071,0.35906,0.0003594,0.17953,38.747302755033516
36.08,1072,0.36046,0.0003608,0.18023,37.74470721931922
38.98,1073,0.38946,0.00038979999999999993,0.19473,37.910630433604936
41.33,1074,0.41296,0.00041329999999999996,0.20648,38.54006781455732
32.73,1075,0.32696,0.0003273,0.16348,38.49919281455731
35.95,1076,0.35916000000000003,0.0003595,0.17958000000000002,37.471261624081116
36.17,1077,0.36136,0.0003617,0.18068,37.471439124081144
42.32,1078,0.42286,0.00042320000000000004,0.21143,39.14722967157841
32.17,1079,0.32136000000000003,0.0003217,0.16068000000000002,35.892202568403825
35.78,1080,0.35746000000000006,0.0003578,0.17873000000000003,36.22777828268956
41.58,1081,0.41546,0.00041579999999999997,0.20773,38.76784316364199
42.76,1082,0.42726,0.0004276,0.21363,38.252843163641984
29.82,1083,0.29786,0.0002982,0.14893,33.58663370115995
28.47,1084,0.28436,0.0002847,0.14218,30.55609897893774
43.86,1085,0.43826000000000004,0.00043860000000000004,0.21913000000000002,32.05227219322344
42.41,1086,0.42375999999999997,0.0004241,0.21187999999999999,38.56712385989004
33.32,1087,0.33286000000000004,0.00033319999999999997,0.16643000000000002,36.3658572023809
36.1,1088,0.36066000000000004,0.000361,0.18033000000000002,37.387912559523876
46.47,1089,0.46436,0.00046469999999999997,0.23218,43.072289226190534
45.78,1090,0.45746000000000003,0.0004578,0.22873000000000002,44.51169297619047
36.79,1091,0.36756,0.0003679,0.18378,40.25034297619045
43.83,1092,0.43796,0.0004383,0.21898,43.00484547619046
51.77,1093,0.51736,0.0005177000000000001,0.25868,49.17858309523824
50.7,1094,0.50666,0.0005070000000000001,0.25333,49.67471666666675
43.28,1095,0.43246,0.0004328,0.21623,46.082685833333336
45.77,1096,0.45736000000000004,0.0004577,0.22868000000000002,47.41527750000001
57.25,1097,0.57216,0.0005725,0.28608,55.1623025
56.94,1098,0.56906,0.0005694,0.28453,54.989797499999966
42.32,1099,0.42286,0.00042320000000000004,0.21143,47.35921666666656
46.49,1100,0.46456000000000003,0.0004649,0.23228000000000001,46.06153333333321
50.9,1101,0.50866,0.000509,0.25433,47.24496833333321
50.22,1102,0.50186,0.0005022000000000001,0.25093,46.02034333333325
37.43,1103,0.37396,0.0003743,0.18698,39.406947500000044
37.0,1104,0.36966000000000004,0.00037,0.18483000000000002,39.1930275
52.17,1105,0.52136,0.0005217,0.26068,38.497285833333336
51.72,1106,0.51686,0.0005172,0.25843,41.38540282051275
42.74,1107,0.42706000000000005,0.00042740000000000003,0.21353000000000003,42.97337170940163
43.03,1108,0.42996,0.00043030000000000005,0.21498,43.112267542735
46.17,1109,0.46136000000000005,0.0004617,0.23068000000000002,44.142382820512836
42.25,1110,0.42216000000000004,0.0004225,0.21108000000000002,42.912906987179504
35.67,1111,0.35636,0.0003567,0.17818,41.61785698717955
37.31,1112,0.37276000000000004,0.0003731,0.18638000000000002,40.171304010989104
48.25,1113,0.48216000000000003,0.0004825,0.24108000000000002,40.70589901098911
48.83,1114,0.48796,0.0004882999999999999,0.24398,45.30875212606836
42.31,1115,0.42276,0.00042310000000000004,0.21138,43.53119129273509
40.8,1116,0.40765999999999997,0.000408,0.20382999999999998,42.0465412927351
49.58,1117,0.49546,0.0004958,0.24773,46.265966570512795
45.04,1118,0.45006,0.0004504,0.22503,44.211534626068385
31.2,1119,0.31166,0.000312,0.15583,36.4286690277777
26.65,1120,0.26616,0.0002665,0.13308,35.50301902777771
33.83,1121,0.33796,0.0003383,0.16898,36.22088152777783
38.6,1122,0.38566000000000006,0.00038600000000000006,0.19283000000000003,34.720304384920695
24.58,1123,0.24546,0.0002458,0.12273,28.777942301587288
24.71,1124,0.24676000000000003,0.00024710000000000004,0.12338000000000002,26.21480896825397
30.86,1125,0.30826000000000003,0.00030859999999999997,0.15413000000000002,29.122012579365027
29.47,1126,0.29436,0.0002947,0.14718,28.832437579365063
21.54,1127,0.21506,0.00021539999999999998,0.10753,23.641431388888865
20.78,1128,0.20746000000000003,0.0002078,0.10373000000000002,22.81160395299147
34.47,1129,0.34436,0.0003447,0.17218,30.900466452991473
39.13,1130,0.39096000000000003,0.0003913,0.19548000000000001,36.17834145299153
22.97,1131,0.22936,0.0002297,0.11468,27.69655811965815
22.12,1132,0.22086000000000003,0.0002212,0.11043000000000001,24.46399700854698
32.59,1133,0.32556000000000007,0.0003259,0.16278000000000004,30.16511883394386
36.21,1134,0.36176,0.00036209999999999997,0.18088,33.558639667277205
25.72,1135,0.25686,0.0002572,0.12843,28.323716333943842
22.8,1136,0.22766000000000003,0.00022799999999999999,0.11383000000000001,24.97820038156292
28.43,1137,0.28396,0.0002843,0.14198,27.15034621489624
32.15,1138,0.32116,0.0003215,0.16058,28.746237881562934
30.76,1139,0.30726000000000003,0.0003076,0.15363000000000002,32.83646288156295
43.05,1140,0.43016,0.0004305,0.21508,36.82862121489625
50.49,1141,0.50456,0.0005049,0.25228,48.17045386141627
50.12,1142,0.50086,0.0005011999999999999,0.25043,48.53688163919414
39.04,1143,0.39006,0.0003904,0.19503,42.136781360632106
40.29,1144,0.40256000000000003,0.0004029,0.20128000000000001,41.75473136063209
48.66,1145,0.48625999999999997,0.0004865999999999999,0.24312999999999999,45.92832469396541
44.45,1146,0.44416000000000005,0.0004445,0.22208000000000003,44.087743027298735
31.89,1147,0.31856,0.0003189,0.15928,35.43364363378642
29.25,1148,0.29216000000000003,0.0002925,0.14608000000000002,32.251835841578604
41.74,1149,0.41706000000000004,0.0004174,0.20853000000000002,37.68404815579212
39.21,1150,0.39176000000000005,0.0003921,0.19588000000000003,38.250314791196985
24.05,1151,0.24016,0.00024050000000000002,0.12008,36.147313124530356
26.34,1152,0.26306,0.0002634,0.13153,32.825892138571895
40.75,1153,0.40716,0.0004075,0.20358,37.43644815306461
42.49,1154,0.42456000000000005,0.00042490000000000003,0.21228000000000002,39.144408589572485
30.93,1155,0.30896,0.0003093,0.15448,34.00830019921113
26.58,1156,0.26546,0.0002658,0.13273,30.846796248356405
36.02,1157,0.35986000000000007,0.0003602000000000001,0.17993000000000003,33.50242703467586
35.44,1158,0.35406,0.0003544,0.17703,34.22415338748967
23.49,1159,0.23456,0.0002349,0.11728,33.43451672082299
26.29,1160,0.26256,0.0002629,0.13128,31.460551617103206
41.7,1161,0.41666000000000003,0.00041700000000000005,0.20833000000000002,31.65647661710321
41.7,1162,0.41666000000000003,0.00041700000000000005,0.20833000000000002,36.18550365714649
32.51,1163,0.32476,0.00032509999999999993,0.16238,34.676987129368754
29.95,1164,0.29916000000000004,0.0002995,0.14958000000000002,33.80279962936871
43.65,1165,0.43616,0.0004365,0.21808,39.09077571842991
42.56,1166,0.42526,0.00042560000000000005,0.21263,39.902802087477646
31.06,1167,0.31026,0.00031059999999999996,0.15513,35.90825418268554
31.65,1168,0.31616,0.0003165,0.15808,35.208769321918986
42.4,1169,0.42366,0.00042399999999999995,0.21183,38.673255179657
42.08,1170,0.42046,0.0004208,0.21023,39.41534912806971
35.99,1171,0.35956000000000005,0.0003599,0.17978000000000002,37.51843700642674
37.04,1172,0.37006,0.00037039999999999995,0.18503,37.265320220712454
44.98,1173,0.44945999999999997,0.00044979999999999993,0.22472999999999999,37.05054272071246
45.19,1174,0.45156,0.0004519,0.22578,36.98717129214104
36.67,1175,0.36636,0.0003667,0.18318,37.23172623261723
32.61,1176,0.32576,0.00032609999999999996,0.16288,36.80626617850464
45.3,1177,0.45266,0.000453,0.22633,40.51791497145267
43.37,1178,0.43335999999999997,0.00043369999999999997,0.21667999999999998,40.763292505030165
32.7,1179,0.32666000000000006,0.00032700000000000003,0.16333000000000003,37.5777581674233
35.19,1180,0.35156,0.00035189999999999993,0.17578,37.39385542932804
46.41,1181,0.46376,0.00046409999999999995,0.23188,41.85017947113133
43.17,1182,0.43136,0.00043170000000000003,0.21568,41.686888439385356
35.76,1183,0.35726,0.00035759999999999996,0.17863,38.990244169904884
34.0,1184,0.33966,0.00034,0.16983,38.13223808931878
48.56,1185,0.48526,0.00048560000000000004,0.24263,43.6272891789509
44.72,1186,0.44686000000000003,0.0004472,0.22343000000000002,42.82549715514138
35.47,1187,0.35436,0.0003547,0.17718,38.75081810051953
33.07,1188,0.33036000000000004,0.0003307,0.16518000000000002,37.539800005281386
48.93,1189,0.48896,0.0004893,0.24448,44.136886178582564
43.83,1190,0.43796,0.0004383,0.21898,42.806758797630145
35.52,1191,0.35486000000000006,0.00035520000000000007,0.17743000000000003,40.287559914753786
33.26,1192,0.33226,0.0003326,0.16613,39.47686963697599
41.37,1193,0.41336,0.00041369999999999997,0.20668,40.485638009991845
42.1,1194,0.42066000000000003,0.00042100000000000004,0.21033000000000002,40.60768800999187
36.06,1195,0.36026,0.00036060000000000004,0.18013,39.1871897010092
40.82,1196,0.40786,0.0004082,0.20393,39.77664720100915
44.63,1197,0.44596,0.0004463,0.22298,40.5725701588846
44.47,1198,0.44436000000000003,0.0004447,0.22218000000000002,41.12376089301161
38.9,1199,0.38866,0.00038899999999999997,0.19433,40.904078696430425
33.46,1200,0.33426,0.0003346,0.16713,38.63993133837181
43.55,1201,0.43516,0.0004355,0.21758,41.030564354244845
42.69,1202,0.42656,0.00042689999999999997,0.21328,41.232233044720964
34.17,1203,0.34136000000000005,0.00034170000000000007,0.17068000000000003,39.6775525090067
31.93,1204,0.31896,0.0003193,0.15948,34.50244725186034
36.93,1205,0.36896,0.0003693,0.18448,35.065220717254604
31.0,1206,0.30966,0.00031,0.15483,32.414018493240654
25.33,1207,0.25296,0.0002533,0.12648,27.759230943084667
29.61,1208,0.29576,0.0002961,0.14788,29.22155594308465
40.06,1209,0.40026000000000006,0.00040060000000000003,0.20013000000000003,31.24800594308463
37.95,1210,0.37916000000000005,0.0003795,0.18958000000000003,34.30544885975127
23.78,1211,0.23746000000000003,0.0002378,0.11873000000000002,34.23155719308465
26.6,1212,0.26566,0.000266,0.13283,29.225447828005354
33.13,1213,0.33096000000000003,0.0003313,0.16548000000000002,31.19224163752918
31.19,1214,0.31156,0.00031190000000000005,0.15578,30.703758304195762
20.81,1215,0.20776,0.0002081,0.10388,24.367138859751375
21.63,1216,0.21596,0.0002163,0.10798,23.020768621656174
29.69,1217,0.29656000000000005,0.0002969,0.14828000000000002,23.673993621656162
30.33,1218,0.30296,0.00030329999999999995,0.15148,26.69631112165611
19.93,1219,0.19896000000000003,0.0001993,0.09948000000000001,23.5919923716561
23.54,1220,0.23506000000000002,0.0002354,0.11753000000000001,24.333163621656105
36.78,1221,0.36746,0.0003678,0.18373,34.24209538390371
36.93,1222,0.36896,0.0003693,0.18448,36.00880633961472
29.12,1223,0.29086,0.00029120000000000003,0.14543,36.85724633961473
36.06,1224,0.36026,0.00036060000000000004,0.18013,37.353746339614744
41.44,1225,0.41406,0.0004144,0.20703,38.57399602448859
37.09,1226,0.37056000000000006,0.0003709,0.18528000000000003,37.80850352448859
29.97,1227,0.29936,0.0002997,0.14968,34.05575665940931
36.31,1228,0.36276,0.0003631,0.18138,36.046346242742686
44.4,1229,0.44366,0.000444,0.22183,41.57838115860289
48.64,1230,0.48606000000000005,0.0004864,0.24303000000000002,44.43470511693626
38.57,1231,0.38536000000000004,0.0003857,0.19268000000000002,44.85008011693624
36.17,1232,0.36136,0.0003617,0.18068,45.20093011693628
42.08,1233,0.42046,0.0004208,0.21023,43.37530979947599
43.26,1234,0.43226,0.0004326,0.21613,40.84132035503151
30.69,1235,0.30656000000000005,0.00030690000000000003,0.15328000000000003,40.69949535503151
31.36,1236,0.31326000000000004,0.0003136,0.15663000000000002,37.329479423462956
45.48,1237,0.45446,0.00045479999999999994,0.22723,41.467227994891516
43.51,1238,0.43476,0.00043509999999999995,0.21738,42.11083722566089
37.6,1239,0.37566000000000005,0.00037600000000000003,0.18783000000000002,38.92529274687578
33.7,1240,0.33666000000000007,0.000337,0.16833000000000004,36.49753973387306
41.22,1241,0.41186,0.0004122,0.20593,38.517575448158816
36.38,1242,0.36346000000000006,0.0003638,0.18173000000000003,37.27238454309168
27.46,1243,0.27426,0.0002746,0.13713,31.855647004495758
30.56,1244,0.30526000000000003,0.0003056,0.15263000000000002,32.190332480686244
40.23,1245,0.40196,0.00040229999999999997,0.20098,37.24779042170348
43.38,1246,0.43346000000000007,0.00043380000000000003,0.21673000000000003,39.55530555157367
31.3,1247,0.31266000000000005,0.000313,0.15633000000000002,35.289017921728856
32.34,1248,0.32306000000000007,0.00032340000000000005,0.16153000000000003,34.40892200245205
40.03,1249,0.39996000000000004,0.00040029999999999997,0.19998000000000002,36.97420808248305
40.61,1250,0.40576,0.0004061,0.20288,37.954509471371914
32.56,1251,0.32526000000000005,0.0003256,0.16263000000000002,35.62141005596649
34.55,1252,0.34515999999999997,0.00034549999999999994,0.17257999999999998,35.38149577025223
40.38,1253,0.40346000000000004,0.00040380000000000006,0.20173000000000002,36.72320437144269
37.18,1254,0.37146,0.0003718,0.18573,36.40074187144269
25.85,1255,0.25816000000000006,0.00025850000000000005,0.12908000000000003,34.50732589922044
26.04,1256,0.26006,0.0002604,0.13003,31.445835012979572
36.2,1257,0.36166000000000004,0.000362,0.18083000000000002,33.668697386099865
38.21,1258,0.38176000000000004,0.0003821,0.19088000000000002,34.769086274988766
26.34,1259,0.26306,0.0002634,0.13153,30.21314450431414
22.4,1260,0.22366,0.000224,0.11183,26.957959106586838
39.13,1261,0.39096000000000003,0.0003913,0.19548000000000001,33.346182487744734
35.32,1262,0.35286,0.0003532,0.17643,34.49742250668412
28.8,1263,0.28766,0.000288,0.14383,32.07264645484643
29.51,1264,0.29476,0.0002951,0.14738,31.876983954846438
39.82,1265,0.39786000000000005,0.0003982,0.19893000000000002,35.667957158633484
39.33,1266,0.39296,0.0003933,0.19648,36.34540203958585
28.74,1267,0.28706,0.0002874,0.14353,33.1788016002213
30.76,1268,0.30726000000000003,0.0003076,0.15363000000000002,32.65500912160633
38.87,1269,0.38836,0.00038869999999999996,0.19418,32.51440495493966
41.98,1270,0.41946,0.00041979999999999996,0.20973,33.626066621606284
33.99,1271,0.33956000000000003,0.0003399,0.16978000000000001,34.0464080501777
35.89,1272,0.35856000000000005,0.0003589,0.17928000000000002,34.540767216844394
43.28,1273,0.43246,0.0004328,0.21623,35.1748122168444
41.74,1274,0.41706000000000004,0.0004174,0.20853000000000002,35.763462279004436
28.5,1275,0.28466,0.00028500000000000004,0.14233,32.76130526969433
28.09,1276,0.28056000000000003,0.0002809,0.14028000000000002,31.421323635078956
34.67,1277,0.34636000000000006,0.00034669999999999997,0.17318000000000003,33.35930565888847
38.65,1278,0.38616,0.00038649999999999996,0.19308,34.79888442179222
29.43,1279,0.29396,0.0002943,0.14698,32.877998946565725
30.5,1280,0.30466000000000004,0.000305,0.15233000000000002,32.59190866878793
39.28,1281,0.39246000000000003,0.0003928,0.19623000000000002,36.69946790638951
39.44,1282,0.39406,0.0003944,0.19703,38.08752213841562
37.39,1283,0.37356,0.00037390000000000004,0.18678,37.400105471749036
36.25,1284,0.36216000000000004,0.00036250000000000003,0.18108000000000002,37.20724118603473
43.18,1285,0.43146,0.0004318,0.21573,38.34893657374274
43.95,1286,0.43916000000000005,0.0004395,0.21958000000000003,38.56191230065465
26.48,1287,0.26446000000000003,0.0002648,0.13223000000000001,31.627846768908604
27.52,1288,0.27486,0.00027519999999999997,0.13743,30.57994954668639
36.15,1289,0.36116,0.0003615,0.18058,34.038943244165424
33.06,1290,0.33026000000000005,0.0003306,0.16513000000000003,32.74032991083217
25.78,1291,0.25746,0.0002578,0.12873,28.050860416666666
26.86,1292,0.26826,0.0002686,0.13413,27.035954285714265
31.27,1293,0.31236,0.00031269999999999996,0.15618,29.988184285714325
29.7,1294,0.29666000000000003,0.00029699999999999996,0.14833000000000002,29.788019999999957
12.57,1295,0.12536,0.0001257,0.06268,26.649569999999915
15.69,1296,0.15656,0.0001569,0.07828,19.61310000000001
27.47,1297,0.27436,0.0002747,0.13718,23.88454999999998
25.84,1298,0.25806,0.0002584,0.12903,25.060850000000045
19.38,1299,0.19346,0.0001938,0.09673,20.908780000000057
17.09,1300,0.17056000000000002,0.0001709,0.08528000000000001,18.74408000000004
24.99,1301,0.24956,0.0002499,0.12478,23.120379999999937
27.24,1302,0.27206,0.00027239999999999995,0.13603,25.44962999999989
16.95,1303,0.16916,0.0001695,0.08458,20.07999999999993
17.41,1304,0.17376000000000003,0.0001741,0.08688000000000001,20.496299999999923
26.94,1305,0.26906,0.0002694,0.13453,23.189299999999925
25.91,1306,0.25876,0.00025909999999999996,0.12938,23.097349999999945
16.91,1307,0.16876000000000002,0.0001691,0.08438000000000001,20.007849999999955
17.55,1308,0.17516,0.0001755,0.08758,19.26605000000003
28.81,1309,0.28776,0.0002881,0.14388,26.389625000000056
29.91,1310,0.29876,0.0002991,0.14938,28.61574166666661
21.43,1311,0.21396,0.0002143,0.10698,24.01889166666664
24.1,1312,0.24066000000000004,0.000241,0.12033000000000002,24.47119166666667
37.76,1313,0.37726,0.00037759999999999996,0.18863,32.33061666666678
40.33,1314,0.40296,0.00040329999999999994,0.20148,32.03181666666679
26.34,1315,0.26306,0.0002634,0.13153,25.520016666666752
19.55,1316,0.19516000000000003,0.0001955,0.09758000000000001,24.264666666666713
32.9,1317,0.32866,0.000329,0.16433,28.918924999999987
29.0,1318,0.28966000000000003,0.00029,0.14483000000000001,28.879424999999998
19.93,1319,0.19896000000000003,0.0001993,0.09948000000000001,21.878574999999966
17.93,1320,0.17896,0.0001793,0.08948,19.344574999999942
23.23,1321,0.23196000000000003,0.0002323,0.11598000000000001,21.69670833333331
26.03,1322,0.25996,0.00026030000000000004,0.12998,21.993008333333297
20.2,1323,0.20166,0.000202,0.10083,20.550574999999945
19.95,1324,0.19916,0.0001995,0.09958,20.448791666666615
22.69,1325,0.22656000000000004,0.0002269,0.11328000000000002,21.668941666666665
22.28,1326,0.22246000000000002,0.0002228,0.11123000000000001,21.353416666666714
15.73,1327,0.15696,0.0001573,0.07848,17.27161666666668
13.22,1328,0.13186,0.00013220000000000001,0.06593,15.392966666666636
24.95,1329,0.24916000000000002,0.0002495,0.12458000000000001,16.851983333333305
25.9,1330,0.25866,0.00025899999999999995,0.12933,22.99148333333337
19.55,1331,0.19516000000000003,0.0001955,0.09758000000000001,21.254183333333398
21.46,1332,0.21426000000000003,0.00021459999999999998,0.10713000000000002,21.882933333333373
28.89,1333,0.28856000000000004,0.0002889,0.14428000000000002,26.97303333333338
33.09,1334,0.3305600000000001,0.0003309,0.16528000000000004,30.232500000000087
23.81,1335,0.23776,0.0002381,0.11888,26.16570000000006
24.84,1336,0.24806,0.0002484,0.12403,25.519450000000067
32.06,1337,0.32026000000000004,0.00032060000000000004,0.16013000000000002,30.017850000000095
31.02,1338,0.30986,0.0003102,0.15493,30.67445000000012
19.77,1339,0.19736,0.0001977,0.09868,31.41560000000012
20.77,1340,0.20736000000000002,0.00020769999999999998,0.10368000000000001,34.39874999999999
36.33,1341,0.36296,0.0003633,0.18148,34.38589999999997
32.08,1342,0.32046,0.0003208,0.16023,32.154949999999964
18.53,1343,0.18496,0.00018530000000000003,0.09248,30.840999999999987
24.59,1344,0.24556000000000003,0.0002459,0.12278000000000001,27.777400000000068
34.01,1345,0.33976,0.00034009999999999997,0.16988,31.323500000000124
32.1,1346,0.32066000000000006,0.000321,0.16033000000000003,31.506300000000092
26.51,1347,0.26476000000000005,0.0002651,0.13238000000000003,28.331150000000093
25.54,1348,0.25506,0.0002554,0.12753,27.38740000000001
40.96,1349,0.40926,0.0004096,0.20463,35.83050000000003
42.4,1350,0.42366,0.00042399999999999995,0.21183,37.267149999999994
31.2,1351,0.31166,0.000312,0.15583,34.05409999999996
38.05,1352,0.38016,0.0003805,0.19008,37.162100000000066
44.93,1353,0.44896,0.0004493,0.22448,43.055950000000095
46.16,1354,0.46126,0.00046159999999999994,0.23063,44.95699999999995
36.94,1355,0.36906,0.0003693999999999999,0.18453,39.654699999999856
40.65,1356,0.40616,0.00040649999999999996,0.20308,41.16699999999986
53.77,1357,0.5373600000000001,0.0005377,0.26868000000000003,49.78925000000011
51.99,1358,0.51956,0.0005199,0.25978,50.34939999999995
39.03,1359,0.38996000000000003,0.0003903,0.19498000000000001,42.76578124999996
40.01,1360,0.39976,0.00040009999999999997,0.19988,41.06173125000009
46.47,1361,0.46436,0.00046469999999999997,0.23218,44.28073125000006
51.37,1362,0.51336,0.0005137,0.25668,44.44728125000006
41.14,1363,0.41106000000000004,0.00041139999999999997,0.20553000000000002,41.42858125000012
39.43,1364,0.39396000000000003,0.00039430000000000004,0.19698000000000002,40.757381250000094
48.54,1365,0.48506,0.00048540000000000003,0.24253,45.318181250000045
43.15,1366,0.43116,0.0004315,0.21558,43.9685687499999
30.42,1367,0.30386,0.0003042,0.15193,41.47816874999984
34.48,1368,0.34446,0.0003448,0.17223,36.77726874999988
41.56,1369,0.41526,0.0004156,0.20763,38.792518750000035
37.76,1370,0.37726,0.00037759999999999996,0.18863,37.640268750000146
30.1,1371,0.30066000000000004,0.000301,0.15033000000000002,32.5933687500001
34.14,1372,0.34106000000000003,0.0003414,0.17053000000000001,34.629404166666774
45.39,1373,0.45356,0.0004539,0.22678,42.27236666666677
47.33,1374,0.47296,0.00047329999999999996,0.23648,45.02651666666665
34.83,1375,0.34796,0.0003483,0.17398,38.726149999999954
30.58,1376,0.30546,0.0003058,0.15273,38.373399999999926
44.53,1377,0.44496,0.0004453,0.22248,43.12859999999994
42.61,1378,0.42576,0.00042609999999999995,0.21288,42.3938499999999
32.09,1379,0.32056000000000007,0.0003209,0.16028000000000003,41.43134999999988
36.37,1380,0.36336,0.0003637,0.18168,39.56294999999991
46.9,1381,0.46866,0.00046899999999999996,0.23433,43.96689999999989
47.08,1382,0.47046,0.0004708,0.23523,46.25369999999991
43.37,1383,0.43335999999999997,0.00043369999999999997,0.21667999999999998,44.21566666666665
40.6,1384,0.40566,0.000406,0.20283,42.690950000000065
51.82,1385,0.51786,0.0005181999999999999,0.25893,47.91389999999997
50.31,1386,0.5027600000000001,0.0005031,0.25138000000000005,47.73324999999996
40.59,1387,0.40556000000000003,0.00040590000000000005,0.20278000000000002,43.29605000000003
44.61,1388,0.44576,0.0004461,0.22288,44.85443333333331
54.17,1389,0.5413600000000001,0.0005417,0.27068000000000003,50.908700000000046
53.87,1390,0.53836,0.0005387,0.26918,51.016450000000034
46.2,1391,0.46166000000000007,0.000462,0.23083000000000004,46.438749999999885
43.99,1392,0.43956000000000006,0.0004399,0.21978000000000003,45.35759999999984
49.57,1393,0.49536,0.0004957,0.24768,47.41839999999985
44.98,1394,0.44945999999999997,0.00044979999999999993,0.22472999999999999,45.85784999999981
29.08,1395,0.29046,0.00029079999999999997,0.14523,42.76814999999988
35.84,1396,0.35806000000000004,0.00035840000000000004,0.17903000000000002,37.80650000000003
41.45,1397,0.41416000000000003,0.0004145,0.20708000000000001,39.666649999999976
40.14,1398,0.40106,0.0004014,0.20053,39.27610000000008
29.8,1399,0.29766000000000004,0.000298,0.14883000000000002,33.1016000000001
31.24,1400,0.31206,0.00031239999999999995,0.15603,32.14509999999994
43.06,1401,0.43026000000000003,0.00043060000000000006,0.21513000000000002,38.59975000000008
44.84,1402,0.44806000000000007,0.0004484,0.22403000000000003,39.10610000000012
33.1,1403,0.33066,0.000331,0.16533,34.335400000000064
32.79,1404,0.32756,0.0003279,0.16378,34.26014999999998
42.86,1405,0.42826000000000003,0.0004286,0.21413000000000001,39.713399999999915
41.33,1406,0.41296,0.00041329999999999996,0.20648,40.77854999999997
36.52,1407,0.3648600000000001,0.0003652,0.18243000000000004,38.484200000000115
37.84,1408,0.37806000000000006,0.00037840000000000004,0.18903000000000003,40.02800000000016
48.76,1409,0.48726,0.0004876,0.24363,47.46130000000012
49.37,1410,0.49336,0.0004937,0.24668,48.26130000000006
42.46,1411,0.42426,0.0004246,0.21213,44.44639999999998
42.25,1412,0.42216000000000004,0.0004225,0.21108000000000002,43.39668333333333
46.64,1413,0.46606000000000003,0.0004664,0.23303000000000001,43.13663333333336
46.67,1414,0.46636000000000005,0.0004667,0.23318000000000003,43.820883333333384
34.55,1415,0.34515999999999997,0.00034549999999999994,0.17257999999999998,38.88793333333343
33.01,1416,0.32976,0.00033009999999999995,0.16488,38.64183333333342
43.97,1417,0.43936000000000003,0.0004397,0.21968000000000001,43.99643333333338
46.79,1418,0.46756000000000003,0.0004679,0.23378000000000002,45.040395833333385
36.67,1419,0.36636,0.0003667,0.18318,44.317445833333394
37.43,1420,0.37396,0.0003743,0.18698,40.69291250000006
51.29,1421,0.51256,0.0005128999999999999,0.25628,41.27146250000006
50.39,1422,0.50356,0.0005039,0.25178,41.61211250000005
47.65,1423,0.47616,0.0004765,0.23808,45.5509625
48.08,1424,0.48046,0.00048080000000000003,0.24023,47.813662499999985
50.49,1425,0.50456,0.0005049,0.25228,48.21966249999998
51.2,1426,0.51166,0.000512,0.25583,49.4608125
41.73,1427,0.41696,0.00041729999999999995,0.20848,49.09231250000002
44.92,1428,0.44886000000000004,0.0004492,0.22443000000000002,45.976549999999996
54.95,1429,0.5491600000000001,0.0005495,0.27458000000000005,43.377299999999984
52.54,1430,0.52506,0.0005254,0.26253,40.601949999999924
38.11,1431,0.38076,0.0003811,0.19038,40.07594999999989
37.18,1432,0.37146,0.0003718,0.18573,39.44874999999988
43.41,1433,0.43376,0.0004340999999999999,0.21688,42.139524999999914
40.82,1434,0.40786,0.0004082,0.20393,40.84842499999991
33.01,1435,0.32976,0.00033009999999999995,0.16488,36.00295000000008
38.22,1436,0.38186000000000003,0.0003822,0.19093000000000002,38.17940000000007
48.08,1437,0.48046,0.00048080000000000003,0.24023,44.25944999999998
43.18,1438,0.43146,0.0004318,0.21573,43.09250000000004
34.7,1439,0.34666,0.00034700000000000003,0.17333,37.86499999999994
